"time","latitude","longitude","analysed_sst","siteid"
"2024-01-01T09:00:00Z",34.38,-119.74,15.572,"ABUR"
"2024-01-01T09:00:00Z",34.38,-119.73,15.604,"ABUR"
"2024-01-01T09:00:00Z",34.39,-119.75,15.546,"ABUR"
"2024-01-01T09:00:00Z",34.39,-119.74,15.572,"ABUR"
"2024-01-01T09:00:00Z",34.39,-119.73,15.6,"ABUR"
"2024-01-01T09:00:00Z",34.4,-119.75,15.549,"ABUR"
"2024-01-01T09:00:00Z",34.4,-119.74,NaN,"ABUR"
"2024-01-01T09:00:00Z",34.4,-119.73,NaN,"ABUR"
"2024-01-02T09:00:00Z",34.38,-119.75,15.87,"ABUR"
"2024-01-02T09:00:00Z",34.38,-119.74,15.858,"ABUR"
"2024-01-02T09:00:00Z",34.38,-119.73,15.865,"ABUR"
"2024-01-02T09:00:00Z",34.39,-119.75,15.879,"ABUR"
"2024-01-02T09:00:00Z",34.39,-119.74,15.866,"ABUR"
"2024-01-02T09:00:00Z",34.39,-119.73,15.869,"ABUR"
"2024-01-02T09:00:00Z",34.4,-119.75,15.891,"ABUR"
"2024-01-02T09:00:00Z",34.4,-119.74,NaN,"ABUR"
"2024-01-02T09:00:00Z",34.4,-119.73,NaN,"ABUR"
"2024-01-03T09:00:00Z",34.38,-119.75,15.953,"ABUR"
"2024-01-03T09:00:00Z",34.38,-119.74,15.949,"ABUR"
"2024-01-03T09:00:00Z",34.38,-119.73,15.948,"ABUR"
"2024-01-03T09:00:00Z",34.39,-119.75,15.946,"ABUR"
"2024-01-03T09:00:00Z",34.39,-119.74,15.942,"ABUR"
"2024-01-03T09:00:00Z",34.39,-119.73,15.94,"ABUR"
"2024-01-03T09:00:00Z",34.4,-119.75,15.94,"ABUR"
"2024-01-03T09:00:00Z",34.4,-119.74,NaN,"ABUR"
"2024-01-03T09:00:00Z",34.4,-119.73,NaN,"ABUR"
"2024-01-04T09:00:00Z",34.38,-119.75,15.534,"ABUR"
"2024-01-04T09:00:00Z",34.38,-119.74,15.54,"ABUR"
"2024-01-04T09:00:00Z",34.38,-119.73,15.542,"ABUR"
"2024-01-04T09:00:00Z",34.39,-119.75,15.466,"ABUR"
"2024-01-04T09:00:00Z",34.39,-119.74,15.473,"ABUR"
"2024-01-04T09:00:00Z",34.39,-119.73,15.476,"ABUR"
"2024-01-04T09:00:00Z",34.4,-119.75,15.414,"ABUR"
"2024-01-04T09:00:00Z",34.4,-119.74,NaN,"ABUR"
"2024-01-04T09:00:00Z",34.4,-119.73,NaN,"ABUR"
"2024-01-05T09:00:00Z",34.38,-119.75,15.182,"ABUR"
"2024-01-05T09:00:00Z",34.38,-119.74,15.198,"ABUR"
"2024-01-05T09:00:00Z",34.38,-119.73,15.211,"ABUR"
"2024-01-05T09:00:00Z",34.39,-119.75,15.088,"ABUR"
"2024-01-05T09:00:00Z",34.39,-119.74,15.109,"ABUR"
"2024-01-05T09:00:00Z",34.39,-119.73,15.126,"ABUR"
"2024-01-05T09:00:00Z",34.4,-119.75,15.014,"ABUR"
"2024-01-05T09:00:00Z",34.4,-119.74,NaN,"ABUR"
"2024-01-05T09:00:00Z",34.4,-119.73,NaN,"ABUR"
"2024-01-06T09:00:00Z",34.38,-119.75,14.868,"ABUR"
"2024-01-06T09:00:00Z",34.38,-119.74,14.899,"ABUR"
"2024-01-06T09:00:00Z",34.38,-119.73,14.937,"ABUR"
"2024-01-06T09:00:00Z",34.39,-119.75,14.814,"ABUR"
"2024-01-06T09:00:00Z",34.39,-119.74,14.85,"ABUR"
"2024-01-06T09:00:00Z",34.39,-119.73,14.893,"ABUR"
"2024-01-06T09:00:00Z",34.4,-119.75,14.792,"ABUR"
"2024-01-06T09:00:00Z",34.4,-119.74,NaN,"ABUR"
"2024-01-06T09:00:00Z",34.4,-119.73,NaN,"ABUR"
"2024-01-07T09:00:00Z",34.38,-119.75,14.475,"ABUR"
"2024-01-07T09:00:00Z",34.38,-119.74,14.493,"ABUR"
"2024-01-07T09:00:00Z",34.38,-119.73,14.514,"ABUR"
"2024-01-07T09:00:00Z",34.39,-119.75,14.428,"ABUR"
"2024-01-07T09:00:00Z",34.39,-119.74,14.448,"ABUR"
"2024-01-07T09:00:00Z",34.39,-119.73,14.469,"ABUR"
"2024-01-07T09:00:00Z",34.4,-119.75,14.401,"ABUR"
"2024-01-07T09:00:00Z",34.4,-119.74,NaN,"ABUR"
"2024-01-07T09:00:00Z",34.4,-119.73,NaN,"ABUR"
"2024-01-08T09:00:00Z",34.38,-119.75,14.002,"ABUR"
"2024-01-08T09:00:00Z",34.38,-119.74,14.021,"ABUR"
"2024-01-08T09:00:00Z",34.38,-119.73,14.052,"ABUR"
"2024-01-08T09:00:00Z",34.39,-119.75,13.964,"ABUR"
"2024-01-08T09:00:00Z",34.39,-119.74,13.985,"ABUR"
"2024-01-08T09:00:00Z",34.39,-119.73,14.015,"ABUR"
"2024-01-08T09:00:00Z",34.4,-119.75,13.945,"ABUR"
"2024-01-08T09:00:00Z",34.4,-119.74,NaN,"ABUR"
"2024-01-08T09:00:00Z",34.4,-119.73,NaN,"ABUR"
"2024-01-09T09:00:00Z",34.38,-119.75,13.978,"ABUR"
"2024-01-09T09:00:00Z",34.38,-119.74,14.011,"ABUR"
"2024-01-09T09:00:00Z",34.38,-119.73,14.056,"ABUR"
"2024-01-09T09:00:00Z",34.39,-119.75,13.945,"ABUR"
"2024-01-09T09:00:00Z",34.39,-119.74,13.976,"ABUR"
"2024-01-09T09:00:00Z",34.39,-119.73,14.015,"ABUR"
"2024-01-09T09:00:00Z",34.4,-119.75,13.927,"ABUR"
"2024-01-09T09:00:00Z",34.4,-119.74,NaN,"ABUR"
"2024-01-09T09:00:00Z",34.4,-119.73,NaN,"ABUR"
"2024-01-10T09:00:00Z",34.38,-119.75,14.2,"ABUR"
"2024-01-10T09:00:00Z",34.38,-119.74,14.191,"ABUR"
"2024-01-10T09:00:00Z",34.38,-119.73,14.177,"ABUR"
"2024-01-10T09:00:00Z",34.39,-119.75,14.128,"ABUR"
"2024-01-10T09:00:00Z",34.39,-119.74,14.117,"ABUR"
"2024-01-10T09:00:00Z",34.39,-119.73,14.103,"ABUR"
"2024-01-10T09:00:00Z",34.4,-119.75,14.074,"ABUR"
"2024-01-10T09:00:00Z",34.4,-119.74,NaN,"ABUR"
"2024-01-10T09:00:00Z",34.4,-119.73,NaN,"ABUR"
"2024-01-11T09:00:00Z",34.38,-119.75,13.758,"ABUR"
"2024-01-11T09:00:00Z",34.38,-119.74,13.727,"ABUR"
"2024-01-11T09:00:00Z",34.38,-119.73,13.697,"ABUR"
"2024-01-11T09:00:00Z",34.39,-119.75,13.743,"ABUR"
"2024-01-11T09:00:00Z",34.39,-119.74,13.709,"ABUR"
"2024-01-11T09:00:00Z",34.39,-119.73,13.675,"ABUR"
"2024-01-11T09:00:00Z",34.4,-119.75,13.72,"ABUR"
"2024-01-11T09:00:00Z",34.4,-119.74,NaN,"ABUR"
"2024-01-11T09:00:00Z",34.4,-119.73,NaN,"ABUR"
"2024-01-12T09:00:00Z",34.38,-119.75,12.913,"ABUR"
"2024-01-12T09:00:00Z",34.38,-119.74,12.942,"ABUR"
"2024-01-12T09:00:00Z",34.38,-119.73,12.977,"ABUR"
"2024-01-12T09:00:00Z",34.39,-119.75,12.899,"ABUR"
"2024-01-12T09:00:00Z",34.39,-119.74,12.923,"ABUR"
"2024-01-12T09:00:00Z",34.39,-119.73,12.95,"ABUR"
"2024-01-12T09:00:00Z",34.4,-119.75,12.887,"ABUR"
"2024-01-12T09:00:00Z",34.4,-119.74,NaN,"ABUR"
"2024-01-12T09:00:00Z",34.4,-119.73,NaN,"ABUR"
"2024-01-13T09:00:00Z",34.38,-119.75,13.11,"ABUR"
"2024-01-13T09:00:00Z",34.38,-119.74,13.132,"ABUR"
"2024-01-13T09:00:00Z",34.38,-119.73,13.138,"ABUR"
"2024-01-13T09:00:00Z",34.39,-119.75,13.076,"ABUR"
"2024-01-13T09:00:00Z",34.39,-119.74,13.096,"ABUR"
"2024-01-13T09:00:00Z",34.39,-119.73,13.1,"ABUR"
"2024-01-13T09:00:00Z",34.4,-119.75,13.033,"ABUR"
"2024-01-13T09:00:00Z",34.4,-119.74,NaN,"ABUR"
"2024-01-13T09:00:00Z",34.4,-119.73,NaN,"ABUR"
"2024-01-14T09:00:00Z",34.38,-119.75,13.206,"ABUR"
"2024-01-14T09:00:00Z",34.38,-119.74,13.216,"ABUR"
"2024-01-14T09:00:00Z",34.38,-119.73,13.227,"ABUR"
"2024-01-14T09:00:00Z",34.39,-119.75,13.149,"ABUR"
"2024-01-14T09:00:00Z",34.39,-119.74,13.164,"ABUR"
"2024-01-14T09:00:00Z",34.39,-119.73,13.181,"ABUR"
"2024-01-14T09:00:00Z",34.4,-119.75,13.108,"ABUR"
"2024-01-14T09:00:00Z",34.4,-119.74,NaN,"ABUR"
"2024-01-14T09:00:00Z",34.4,-119.73,NaN,"ABUR"
"2024-01-15T09:00:00Z",34.38,-119.75,13.407,"ABUR"
"2024-01-15T09:00:00Z",34.38,-119.74,13.395,"ABUR"
"2024-01-15T09:00:00Z",34.38,-119.73,13.387,"ABUR"
"2024-01-15T09:00:00Z",34.39,-119.75,13.376,"ABUR"
"2024-01-15T09:00:00Z",34.39,-119.74,13.366,"ABUR"
"2024-01-15T09:00:00Z",34.39,-119.73,13.36,"ABUR"
"2024-01-15T09:00:00Z",34.4,-119.75,13.352,"ABUR"
"2024-01-15T09:00:00Z",34.4,-119.74,NaN,"ABUR"
"2024-01-15T09:00:00Z",34.4,-119.73,NaN,"ABUR"
"2024-01-16T09:00:00Z",34.38,-119.75,13.711,"ABUR"
"2024-01-16T09:00:00Z",34.38,-119.74,13.695,"ABUR"
"2024-01-16T09:00:00Z",34.38,-119.73,13.68,"ABUR"
"2024-01-16T09:00:00Z",34.39,-119.75,13.695,"ABUR"
"2024-01-16T09:00:00Z",34.39,-119.74,13.679,"ABUR"
"2024-01-16T09:00:00Z",34.39,-119.73,13.663,"ABUR"
"2024-01-16T09:00:00Z",34.4,-119.75,13.678,"ABUR"
"2024-01-16T09:00:00Z",34.4,-119.74,NaN,"ABUR"
"2024-01-16T09:00:00Z",34.4,-119.73,NaN,"ABUR"
"2024-01-17T09:00:00Z",34.38,-119.75,13.681,"ABUR"
"2024-01-17T09:00:00Z",34.38,-119.74,13.68,"ABUR"
"2024-01-17T09:00:00Z",34.38,-119.73,13.68,"ABUR"
"2024-01-17T09:00:00Z",34.39,-119.75,13.67,"ABUR"
"2024-01-17T09:00:00Z",34.39,-119.74,13.669,"ABUR"
"2024-01-17T09:00:00Z",34.39,-119.73,13.669,"ABUR"
"2024-01-17T09:00:00Z",34.4,-119.75,13.659,"ABUR"
"2024-01-17T09:00:00Z",34.4,-119.74,NaN,"ABUR"
"2024-01-17T09:00:00Z",34.4,-119.73,NaN,"ABUR"
"2024-01-18T09:00:00Z",34.38,-119.75,13.423,"ABUR"
"2024-01-18T09:00:00Z",34.38,-119.74,13.432,"ABUR"
"2024-01-18T09:00:00Z",34.38,-119.73,13.442,"ABUR"
"2024-01-18T09:00:00Z",34.39,-119.75,13.411,"ABUR"
"2024-01-18T09:00:00Z",34.39,-119.74,13.42,"ABUR"
"2024-01-18T09:00:00Z",34.39,-119.73,13.43,"ABUR"
"2024-01-18T09:00:00Z",34.4,-119.75,13.399,"ABUR"
"2024-01-18T09:00:00Z",34.4,-119.74,NaN,"ABUR"
"2024-01-18T09:00:00Z",34.4,-119.73,NaN,"ABUR"
"2024-01-19T09:00:00Z",34.38,-119.75,13.575,"ABUR"
"2024-01-19T09:00:00Z",34.38,-119.74,13.582,"ABUR"
"2024-01-19T09:00:00Z",34.38,-119.73,13.59,"ABUR"
"2024-01-19T09:00:00Z",34.39,-119.75,13.562,"ABUR"
"2024-01-19T09:00:00Z",34.39,-119.74,13.569,"ABUR"
"2024-01-19T09:00:00Z",34.39,-119.73,13.576,"ABUR"
"2024-01-19T09:00:00Z",34.4,-119.75,13.548,"ABUR"
"2024-01-19T09:00:00Z",34.4,-119.74,NaN,"ABUR"
"2024-01-19T09:00:00Z",34.4,-119.73,NaN,"ABUR"
"2024-01-20T09:00:00Z",34.38,-119.75,13.952,"ABUR"
"2024-01-20T09:00:00Z",34.38,-119.74,13.959,"ABUR"
"2024-01-20T09:00:00Z",34.38,-119.73,13.966,"ABUR"
"2024-01-20T09:00:00Z",34.39,-119.75,13.933,"ABUR"
"2024-01-20T09:00:00Z",34.39,-119.74,13.94,"ABUR"
"2024-01-20T09:00:00Z",34.39,-119.73,13.947,"ABUR"
"2024-01-20T09:00:00Z",34.4,-119.75,13.915,"ABUR"
"2024-01-20T09:00:00Z",34.4,-119.74,NaN,"ABUR"
"2024-01-20T09:00:00Z",34.4,-119.73,NaN,"ABUR"
"2024-01-21T09:00:00Z",34.38,-119.75,13.937,"ABUR"
"2024-01-21T09:00:00Z",34.38,-119.74,13.943,"ABUR"
"2024-01-21T09:00:00Z",34.38,-119.73,13.948,"ABUR"
"2024-01-21T09:00:00Z",34.39,-119.75,13.921,"ABUR"
"2024-01-21T09:00:00Z",34.39,-119.74,13.927,"ABUR"
"2024-01-21T09:00:00Z",34.39,-119.73,13.933,"ABUR"
"2024-01-21T09:00:00Z",34.4,-119.75,13.904,"ABUR"
"2024-01-21T09:00:00Z",34.4,-119.74,NaN,"ABUR"
"2024-01-21T09:00:00Z",34.4,-119.73,NaN,"ABUR"
"2024-01-22T09:00:00Z",34.38,-119.75,14.161,"ABUR"
"2024-01-22T09:00:00Z",34.38,-119.74,14.156,"ABUR"
"2024-01-22T09:00:00Z",34.38,-119.73,14.151,"ABUR"
"2024-01-22T09:00:00Z",34.39,-119.75,14.156,"ABUR"
"2024-01-22T09:00:00Z",34.39,-119.74,14.152,"ABUR"
"2024-01-22T09:00:00Z",34.39,-119.73,14.147,"ABUR"
"2024-01-22T09:00:00Z",34.4,-119.75,14.149,"ABUR"
"2024-01-22T09:00:00Z",34.4,-119.74,NaN,"ABUR"
"2024-01-22T09:00:00Z",34.4,-119.73,NaN,"ABUR"
"2024-01-23T09:00:00Z",34.38,-119.75,14.323,"ABUR"
"2024-01-23T09:00:00Z",34.38,-119.74,14.307,"ABUR"
"2024-01-23T09:00:00Z",34.38,-119.73,14.285,"ABUR"
"2024-01-23T09:00:00Z",34.39,-119.75,14.329,"ABUR"
"2024-01-23T09:00:00Z",34.39,-119.74,14.314,"ABUR"
"2024-01-23T09:00:00Z",34.39,-119.73,14.295,"ABUR"
"2024-01-23T09:00:00Z",34.4,-119.75,14.329,"ABUR"
"2024-01-23T09:00:00Z",34.4,-119.74,NaN,"ABUR"
"2024-01-23T09:00:00Z",34.4,-119.73,NaN,"ABUR"
"2024-01-24T09:00:00Z",34.38,-119.75,14.902,"ABUR"
"2024-01-24T09:00:00Z",34.38,-119.74,14.899,"ABUR"
"2024-01-24T09:00:00Z",34.38,-119.73,14.907,"ABUR"
"2024-01-24T09:00:00Z",34.39,-119.75,14.9,"ABUR"
"2024-01-24T09:00:00Z",34.39,-119.74,14.898,"ABUR"
"2024-01-24T09:00:00Z",34.39,-119.73,14.905,"ABUR"
"2024-01-24T09:00:00Z",34.4,-119.75,14.896,"ABUR"
"2024-01-24T09:00:00Z",34.4,-119.74,NaN,"ABUR"
"2024-01-24T09:00:00Z",34.4,-119.73,NaN,"ABUR"
"2024-01-25T09:00:00Z",34.38,-119.75,15.025,"ABUR"
"2024-01-25T09:00:00Z",34.38,-119.74,15.04,"ABUR"
"2024-01-25T09:00:00Z",34.38,-119.73,15.059,"ABUR"
"2024-01-25T09:00:00Z",34.39,-119.75,15.012,"ABUR"
"2024-01-25T09:00:00Z",34.39,-119.74,15.027,"ABUR"
"2024-01-25T09:00:00Z",34.39,-119.73,15.046,"ABUR"
"2024-01-25T09:00:00Z",34.4,-119.75,14.997,"ABUR"
"2024-01-25T09:00:00Z",34.4,-119.74,NaN,"ABUR"
"2024-01-25T09:00:00Z",34.4,-119.73,NaN,"ABUR"
"2024-01-26T09:00:00Z",34.38,-119.75,15.061,"ABUR"
"2024-01-26T09:00:00Z",34.38,-119.74,15.071,"ABUR"
"2024-01-26T09:00:00Z",34.38,-119.73,15.091,"ABUR"
"2024-01-26T09:00:00Z",34.39,-119.75,15.05,"ABUR"
"2024-01-26T09:00:00Z",34.39,-119.74,15.063,"ABUR"
"2024-01-26T09:00:00Z",34.39,-119.73,15.083,"ABUR"
"2024-01-26T09:00:00Z",34.4,-119.75,15.036,"ABUR"
"2024-01-26T09:00:00Z",34.4,-119.74,NaN,"ABUR"
"2024-01-26T09:00:00Z",34.4,-119.73,NaN,"ABUR"
"2024-01-27T09:00:00Z",34.38,-119.75,14.818,"ABUR"
"2024-01-27T09:00:00Z",34.38,-119.74,14.834,"ABUR"
"2024-01-27T09:00:00Z",34.38,-119.73,14.853,"ABUR"
"2024-01-27T09:00:00Z",34.39,-119.75,14.823,"ABUR"
"2024-01-27T09:00:00Z",34.39,-119.74,14.84,"ABUR"
"2024-01-27T09:00:00Z",34.39,-119.73,14.858,"ABUR"
"2024-01-27T09:00:00Z",34.4,-119.75,14.824,"ABUR"
"2024-01-27T09:00:00Z",34.4,-119.74,NaN,"ABUR"
"2024-01-27T09:00:00Z",34.4,-119.73,NaN,"ABUR"
"2024-01-28T09:00:00Z",34.38,-119.75,15.415,"ABUR"
"2024-01-28T09:00:00Z",34.38,-119.74,15.437,"ABUR"
"2024-01-28T09:00:00Z",34.38,-119.73,15.459,"ABUR"
"2024-01-28T09:00:00Z",34.39,-119.75,15.417,"ABUR"
"2024-01-28T09:00:00Z",34.39,-119.74,15.437,"ABUR"
"2024-01-28T09:00:00Z",34.39,-119.73,15.457,"ABUR"
"2024-01-28T09:00:00Z",34.4,-119.75,15.414,"ABUR"
"2024-01-28T09:00:00Z",34.4,-119.74,NaN,"ABUR"
"2024-01-28T09:00:00Z",34.4,-119.73,NaN,"ABUR"
"2024-01-29T09:00:00Z",34.38,-119.75,15.529,"ABUR"
"2024-01-29T09:00:00Z",34.38,-119.74,15.566,"ABUR"
"2024-01-29T09:00:00Z",34.38,-119.73,15.6,"ABUR"
"2024-01-29T09:00:00Z",34.39,-119.75,15.483,"ABUR"
"2024-01-29T09:00:00Z",34.39,-119.74,15.522,"ABUR"
"2024-01-29T09:00:00Z",34.39,-119.73,15.559,"ABUR"
"2024-01-29T09:00:00Z",34.4,-119.75,15.459,"ABUR"
"2024-01-29T09:00:00Z",34.4,-119.74,NaN,"ABUR"
"2024-01-29T09:00:00Z",34.4,-119.73,NaN,"ABUR"
"2024-01-30T09:00:00Z",34.38,-119.75,15.568,"ABUR"
"2024-01-30T09:00:00Z",34.38,-119.74,15.587,"ABUR"
"2024-01-30T09:00:00Z",34.38,-119.73,15.602,"ABUR"
"2024-01-30T09:00:00Z",34.39,-119.75,15.538,"ABUR"
"2024-01-30T09:00:00Z",34.39,-119.74,15.559,"ABUR"
"2024-01-30T09:00:00Z",34.39,-119.73,15.576,"ABUR"
"2024-01-30T09:00:00Z",34.4,-119.75,15.516,"ABUR"
"2024-01-30T09:00:00Z",34.4,-119.74,NaN,"ABUR"
"2024-01-30T09:00:00Z",34.4,-119.73,NaN,"ABUR"
"2024-01-31T09:00:00Z",34.38,-119.75,15.391,"ABUR"
"2024-01-31T09:00:00Z",34.38,-119.74,15.397,"ABUR"
"2024-01-31T09:00:00Z",34.38,-119.73,15.402,"ABUR"
"2024-01-31T09:00:00Z",34.39,-119.75,15.376,"ABUR"
"2024-01-31T09:00:00Z",34.39,-119.74,15.382,"ABUR"
"2024-01-31T09:00:00Z",34.39,-119.73,15.388,"ABUR"
"2024-01-31T09:00:00Z",34.4,-119.75,15.362,"ABUR"
"2024-01-31T09:00:00Z",34.4,-119.74,NaN,"ABUR"
"2024-01-31T09:00:00Z",34.4,-119.73,NaN,"ABUR"
"2024-02-01T09:00:00Z",34.38,-119.75,15.001,"ABUR"
"2024-02-01T09:00:00Z",34.38,-119.74,15.006,"ABUR"
"2024-02-01T09:00:00Z",34.38,-119.73,15.008,"ABUR"
"2024-02-01T09:00:00Z",34.39,-119.75,14.988,"ABUR"
"2024-02-01T09:00:00Z",34.39,-119.74,14.993,"ABUR"
"2024-02-01T09:00:00Z",34.39,-119.73,14.995,"ABUR"
"2024-02-01T09:00:00Z",34.4,-119.75,14.974,"ABUR"
"2024-02-01T09:00:00Z",34.4,-119.74,NaN,"ABUR"
"2024-02-01T09:00:00Z",34.4,-119.73,NaN,"ABUR"
"2024-02-01T09:00:00Z",34.38,-119.74,15.006,"ABUR"
"2024-02-01T09:00:00Z",34.38,-119.73,15.008,"ABUR"
"2024-02-01T09:00:00Z",34.39,-119.75,14.988,"ABUR"
"2024-02-01T09:00:00Z",34.39,-119.74,14.993,"ABUR"
"2024-02-01T09:00:00Z",34.39,-119.73,14.995,"ABUR"
"2024-02-01T09:00:00Z",34.4,-119.75,14.974,"ABUR"
"2024-02-01T09:00:00Z",34.4,-119.74,NaN,"ABUR"
"2024-02-01T09:00:00Z",34.4,-119.73,NaN,"ABUR"
"2024-02-02T09:00:00Z",34.38,-119.75,15.06,"ABUR"
"2024-02-02T09:00:00Z",34.38,-119.74,15.063,"ABUR"
"2024-02-02T09:00:00Z",34.38,-119.73,15.063,"ABUR"
"2024-02-02T09:00:00Z",34.39,-119.75,15.054,"ABUR"
"2024-02-02T09:00:00Z",34.39,-119.74,15.057,"ABUR"
"2024-02-02T09:00:00Z",34.39,-119.73,15.058,"ABUR"
"2024-02-02T09:00:00Z",34.4,-119.75,15.045,"ABUR"
"2024-02-02T09:00:00Z",34.4,-119.74,NaN,"ABUR"
"2024-02-02T09:00:00Z",34.4,-119.73,NaN,"ABUR"
"2024-02-03T09:00:00Z",34.38,-119.75,15.051,"ABUR"
"2024-02-03T09:00:00Z",34.38,-119.74,15.044,"ABUR"
"2024-02-03T09:00:00Z",34.38,-119.73,15.028,"ABUR"
"2024-02-03T09:00:00Z",34.39,-119.75,15.014,"ABUR"
"2024-02-03T09:00:00Z",34.39,-119.74,15.01,"ABUR"
"2024-02-03T09:00:00Z",34.39,-119.73,14.997,"ABUR"
"2024-02-03T09:00:00Z",34.4,-119.75,14.977,"ABUR"
"2024-02-03T09:00:00Z",34.4,-119.74,NaN,"ABUR"
"2024-02-03T09:00:00Z",34.4,-119.73,NaN,"ABUR"
"2024-02-04T09:00:00Z",34.38,-119.75,14.998,"ABUR"
"2024-02-04T09:00:00Z",34.38,-119.74,14.998,"ABUR"
"2024-02-04T09:00:00Z",34.38,-119.73,14.995,"ABUR"
"2024-02-04T09:00:00Z",34.39,-119.75,14.973,"ABUR"
"2024-02-04T09:00:00Z",34.39,-119.74,14.975,"ABUR"
"2024-02-04T09:00:00Z",34.39,-119.73,14.973,"ABUR"
"2024-02-04T09:00:00Z",34.4,-119.75,14.949,"ABUR"
"2024-02-04T09:00:00Z",34.4,-119.74,NaN,"ABUR"
"2024-02-04T09:00:00Z",34.4,-119.73,NaN,"ABUR"
"2024-02-05T09:00:00Z",34.38,-119.75,14.56,"ABUR"
"2024-02-05T09:00:00Z",34.38,-119.74,14.578,"ABUR"
"2024-02-05T09:00:00Z",34.38,-119.73,14.596,"ABUR"
"2024-02-05T09:00:00Z",34.39,-119.75,14.563,"ABUR"
"2024-02-05T09:00:00Z",34.39,-119.74,14.58,"ABUR"
"2024-02-05T09:00:00Z",34.39,-119.73,14.598,"ABUR"
"2024-02-05T09:00:00Z",34.4,-119.75,14.565,"ABUR"
"2024-02-05T09:00:00Z",34.4,-119.74,NaN,"ABUR"
"2024-02-05T09:00:00Z",34.4,-119.73,NaN,"ABUR"
"2024-02-06T09:00:00Z",34.38,-119.75,14.203,"ABUR"
"2024-02-06T09:00:00Z",34.38,-119.74,14.206,"ABUR"
"2024-02-06T09:00:00Z",34.38,-119.73,14.21,"ABUR"
"2024-02-06T09:00:00Z",34.39,-119.75,14.211,"ABUR"
"2024-02-06T09:00:00Z",34.39,-119.74,14.214,"ABUR"
"2024-02-06T09:00:00Z",34.39,-119.73,14.218,"ABUR"
"2024-02-06T09:00:00Z",34.4,-119.75,14.217,"ABUR"
"2024-02-06T09:00:00Z",34.4,-119.74,NaN,"ABUR"
"2024-02-06T09:00:00Z",34.4,-119.73,NaN,"ABUR"
"2024-02-07T09:00:00Z",34.38,-119.75,14.369,"ABUR"
"2024-02-07T09:00:00Z",34.38,-119.74,14.365,"ABUR"
"2024-02-07T09:00:00Z",34.38,-119.73,14.363,"ABUR"
"2024-02-07T09:00:00Z",34.39,-119.75,14.376,"ABUR"
"2024-02-07T09:00:00Z",34.39,-119.74,14.37,"ABUR"
"2024-02-07T09:00:00Z",34.39,-119.73,14.366,"ABUR"
"2024-02-07T09:00:00Z",34.4,-119.75,14.38,"ABUR"
"2024-02-07T09:00:00Z",34.4,-119.74,NaN,"ABUR"
"2024-02-07T09:00:00Z",34.4,-119.73,NaN,"ABUR"
"2024-02-08T09:00:00Z",34.38,-119.75,14.595,"ABUR"
"2024-02-08T09:00:00Z",34.38,-119.74,14.595,"ABUR"
"2024-02-08T09:00:00Z",34.38,-119.73,14.597,"ABUR"
"2024-02-08T09:00:00Z",34.39,-119.75,14.578,"ABUR"
"2024-02-08T09:00:00Z",34.39,-119.74,14.579,"ABUR"
"2024-02-08T09:00:00Z",34.39,-119.73,14.582,"ABUR"
"2024-02-08T09:00:00Z",34.4,-119.75,14.574,"ABUR"
"2024-02-08T09:00:00Z",34.4,-119.74,NaN,"ABUR"
"2024-02-08T09:00:00Z",34.4,-119.73,NaN,"ABUR"
"2024-02-09T09:00:00Z",34.38,-119.75,14.598,"ABUR"
"2024-02-09T09:00:00Z",34.38,-119.74,14.614,"ABUR"
"2024-02-09T09:00:00Z",34.38,-119.73,14.626,"ABUR"
"2024-02-09T09:00:00Z",34.39,-119.75,14.564,"ABUR"
"2024-02-09T09:00:00Z",34.39,-119.74,14.579,"ABUR"
"2024-02-09T09:00:00Z",34.39,-119.73,14.588,"ABUR"
"2024-02-09T09:00:00Z",34.4,-119.75,14.539,"ABUR"
"2024-02-09T09:00:00Z",34.4,-119.74,NaN,"ABUR"
"2024-02-09T09:00:00Z",34.4,-119.73,NaN,"ABUR"
"2024-02-10T09:00:00Z",34.38,-119.75,14.488,"ABUR"
"2024-02-10T09:00:00Z",34.38,-119.74,14.511,"ABUR"
"2024-02-10T09:00:00Z",34.38,-119.73,14.53,"ABUR"
"2024-02-10T09:00:00Z",34.39,-119.75,14.442,"ABUR"
"2024-02-10T09:00:00Z",34.39,-119.74,14.463,"ABUR"
"2024-02-10T09:00:00Z",34.39,-119.73,14.477,"ABUR"
"2024-02-10T09:00:00Z",34.4,-119.75,14.405,"ABUR"
"2024-02-10T09:00:00Z",34.4,-119.74,NaN,"ABUR"
"2024-02-10T09:00:00Z",34.4,-119.73,NaN,"ABUR"
"2024-02-11T09:00:00Z",34.38,-119.75,14.187,"ABUR"
"2024-02-11T09:00:00Z",34.38,-119.74,14.216,"ABUR"
"2024-02-11T09:00:00Z",34.38,-119.73,14.244,"ABUR"
"2024-02-11T09:00:00Z",34.39,-119.75,14.174,"ABUR"
"2024-02-11T09:00:00Z",34.39,-119.74,14.198,"ABUR"
"2024-02-11T09:00:00Z",34.39,-119.73,14.218,"ABUR"
"2024-02-11T09:00:00Z",34.4,-119.75,14.165,"ABUR"
"2024-02-11T09:00:00Z",34.4,-119.74,NaN,"ABUR"
"2024-02-11T09:00:00Z",34.4,-119.73,NaN,"ABUR"
"2024-02-12T09:00:00Z",34.38,-119.75,13.992,"ABUR"
"2024-02-12T09:00:00Z",34.38,-119.74,14.023,"ABUR"
"2024-02-12T09:00:00Z",34.38,-119.73,14.055,"ABUR"
"2024-02-12T09:00:00Z",34.39,-119.75,14.001,"ABUR"
"2024-02-12T09:00:00Z",34.39,-119.74,14.026,"ABUR"
"2024-02-12T09:00:00Z",34.39,-119.73,14.049,"ABUR"
"2024-02-12T09:00:00Z",34.4,-119.75,14.002,"ABUR"
"2024-02-12T09:00:00Z",34.4,-119.74,NaN,"ABUR"
"2024-02-12T09:00:00Z",34.4,-119.73,NaN,"ABUR"
"2024-02-13T09:00:00Z",34.38,-119.75,14.248,"ABUR"
"2024-02-13T09:00:00Z",34.38,-119.74,14.267,"ABUR"
"2024-02-13T09:00:00Z",34.38,-119.73,14.288,"ABUR"
"2024-02-13T09:00:00Z",34.39,-119.75,14.241,"ABUR"
"2024-02-13T09:00:00Z",34.39,-119.74,14.259,"ABUR"
"2024-02-13T09:00:00Z",34.39,-119.73,14.277,"ABUR"
"2024-02-13T09:00:00Z",34.4,-119.75,14.232,"ABUR"
"2024-02-13T09:00:00Z",34.4,-119.74,NaN,"ABUR"
"2024-02-13T09:00:00Z",34.4,-119.73,NaN,"ABUR"
"2024-02-14T09:00:00Z",34.38,-119.75,14.241,"ABUR"
"2024-02-14T09:00:00Z",34.38,-119.74,14.274,"ABUR"
"2024-02-14T09:00:00Z",34.38,-119.73,14.305,"ABUR"
"2024-02-14T09:00:00Z",34.39,-119.75,14.232,"ABUR"
"2024-02-14T09:00:00Z",34.39,-119.74,14.263,"ABUR"
"2024-02-14T09:00:00Z",34.39,-119.73,14.292,"ABUR"
"2024-02-14T09:00:00Z",34.4,-119.75,14.227,"ABUR"
"2024-02-14T09:00:00Z",34.4,-119.74,NaN,"ABUR"
"2024-02-14T09:00:00Z",34.4,-119.73,NaN,"ABUR"
"2024-02-15T09:00:00Z",34.38,-119.75,14.106,"ABUR"
"2024-02-15T09:00:00Z",34.38,-119.74,14.155,"ABUR"
"2024-02-15T09:00:00Z",34.38,-119.73,14.193,"ABUR"
"2024-02-15T09:00:00Z",34.39,-119.75,14.092,"ABUR"
"2024-02-15T09:00:00Z",34.39,-119.74,14.135,"ABUR"
"2024-02-15T09:00:00Z",34.39,-119.73,14.174,"ABUR"
"2024-02-15T09:00:00Z",34.4,-119.75,14.087,"ABUR"
"2024-02-15T09:00:00Z",34.4,-119.74,NaN,"ABUR"
"2024-02-15T09:00:00Z",34.4,-119.73,NaN,"ABUR"
"2024-02-16T09:00:00Z",34.38,-119.75,14.117,"ABUR"
"2024-02-16T09:00:00Z",34.38,-119.74,14.14,"ABUR"
"2024-02-16T09:00:00Z",34.38,-119.73,14.163,"ABUR"
"2024-02-16T09:00:00Z",34.39,-119.75,14.114,"ABUR"
"2024-02-16T09:00:00Z",34.39,-119.74,14.136,"ABUR"
"2024-02-16T09:00:00Z",34.39,-119.73,14.157,"ABUR"
"2024-02-16T09:00:00Z",34.4,-119.75,14.115,"ABUR"
"2024-02-16T09:00:00Z",34.4,-119.74,NaN,"ABUR"
"2024-02-16T09:00:00Z",34.4,-119.73,NaN,"ABUR"
"2024-02-17T09:00:00Z",34.38,-119.75,14.229,"ABUR"
"2024-02-17T09:00:00Z",34.38,-119.74,14.24,"ABUR"
"2024-02-17T09:00:00Z",34.38,-119.73,14.25,"ABUR"
"2024-02-17T09:00:00Z",34.39,-119.75,14.227,"ABUR"
"2024-02-17T09:00:00Z",34.39,-119.74,14.237,"ABUR"
"2024-02-17T09:00:00Z",34.39,-119.73,14.247,"ABUR"
"2024-02-17T09:00:00Z",34.4,-119.75,14.226,"ABUR"
"2024-02-17T09:00:00Z",34.4,-119.74,NaN,"ABUR"
"2024-02-17T09:00:00Z",34.4,-119.73,NaN,"ABUR"
"2024-02-18T09:00:00Z",34.38,-119.75,14.29,"ABUR"
"2024-02-18T09:00:00Z",34.38,-119.74,14.299,"ABUR"
"2024-02-18T09:00:00Z",34.38,-119.73,14.309,"ABUR"
"2024-02-18T09:00:00Z",34.39,-119.75,14.288,"ABUR"
"2024-02-18T09:00:00Z",34.39,-119.74,14.297,"ABUR"
"2024-02-18T09:00:00Z",34.39,-119.73,14.306,"ABUR"
"2024-02-18T09:00:00Z",34.4,-119.75,14.287,"ABUR"
"2024-02-18T09:00:00Z",34.4,-119.74,NaN,"ABUR"
"2024-02-18T09:00:00Z",34.4,-119.73,NaN,"ABUR"
"2024-02-19T09:00:00Z",34.38,-119.75,14.36,"ABUR"
"2024-02-19T09:00:00Z",34.38,-119.74,14.365,"ABUR"
"2024-02-19T09:00:00Z",34.38,-119.73,14.37,"ABUR"
"2024-02-19T09:00:00Z",34.39,-119.75,14.359,"ABUR"
"2024-02-19T09:00:00Z",34.39,-119.74,14.363,"ABUR"
"2024-02-19T09:00:00Z",34.39,-119.73,14.368,"ABUR"
"2024-02-19T09:00:00Z",34.4,-119.75,14.357,"ABUR"
"2024-02-19T09:00:00Z",34.4,-119.74,NaN,"ABUR"
"2024-02-19T09:00:00Z",34.4,-119.73,NaN,"ABUR"
"2024-02-20T09:00:00Z",34.38,-119.75,15.014,"ABUR"
"2024-02-20T09:00:00Z",34.38,-119.74,15.021,"ABUR"
"2024-02-20T09:00:00Z",34.38,-119.73,15.026,"ABUR"
"2024-02-20T09:00:00Z",34.39,-119.75,15.02,"ABUR"
"2024-02-20T09:00:00Z",34.39,-119.74,15.026,"ABUR"
"2024-02-20T09:00:00Z",34.39,-119.73,15.031,"ABUR"
"2024-02-20T09:00:00Z",34.4,-119.75,15.022,"ABUR"
"2024-02-20T09:00:00Z",34.4,-119.74,NaN,"ABUR"
"2024-02-20T09:00:00Z",34.4,-119.73,NaN,"ABUR"
"2024-02-21T09:00:00Z",34.38,-119.75,15.465,"ABUR"
"2024-02-21T09:00:00Z",34.38,-119.74,15.462,"ABUR"
"2024-02-21T09:00:00Z",34.38,-119.73,15.456,"ABUR"
"2024-02-21T09:00:00Z",34.39,-119.75,15.466,"ABUR"
"2024-02-21T09:00:00Z",34.39,-119.74,15.464,"ABUR"
"2024-02-21T09:00:00Z",34.39,-119.73,15.459,"ABUR"
"2024-02-21T09:00:00Z",34.4,-119.75,15.462,"ABUR"
"2024-02-21T09:00:00Z",34.4,-119.74,NaN,"ABUR"
"2024-02-21T09:00:00Z",34.4,-119.73,NaN,"ABUR"
"2024-02-22T09:00:00Z",34.38,-119.75,15.499,"ABUR"
"2024-02-22T09:00:00Z",34.38,-119.74,15.506,"ABUR"
"2024-02-22T09:00:00Z",34.38,-119.73,15.506,"ABUR"
"2024-02-22T09:00:00Z",34.39,-119.75,15.472,"ABUR"
"2024-02-22T09:00:00Z",34.39,-119.74,15.483,"ABUR"
"2024-02-22T09:00:00Z",34.39,-119.73,15.488,"ABUR"
"2024-02-22T09:00:00Z",34.4,-119.75,15.455,"ABUR"
"2024-02-22T09:00:00Z",34.4,-119.74,NaN,"ABUR"
"2024-02-22T09:00:00Z",34.4,-119.73,NaN,"ABUR"
"2024-02-23T09:00:00Z",34.38,-119.75,15.548,"ABUR"
"2024-02-23T09:00:00Z",34.38,-119.74,15.547,"ABUR"
"2024-02-23T09:00:00Z",34.38,-119.73,15.54,"ABUR"
"2024-02-23T09:00:00Z",34.39,-119.75,15.544,"ABUR"
"2024-02-23T09:00:00Z",34.39,-119.74,15.545,"ABUR"
"2024-02-23T09:00:00Z",34.39,-119.73,15.54,"ABUR"
"2024-02-23T09:00:00Z",34.4,-119.75,15.537,"ABUR"
"2024-02-23T09:00:00Z",34.4,-119.74,NaN,"ABUR"
"2024-02-23T09:00:00Z",34.4,-119.73,NaN,"ABUR"
"2024-02-24T09:00:00Z",34.38,-119.75,15.15,"ABUR"
"2024-02-24T09:00:00Z",34.38,-119.74,15.158,"ABUR"
"2024-02-24T09:00:00Z",34.38,-119.73,15.164,"ABUR"
"2024-02-24T09:00:00Z",34.39,-119.75,15.153,"ABUR"
"2024-02-24T09:00:00Z",34.39,-119.74,15.161,"ABUR"
"2024-02-24T09:00:00Z",34.39,-119.73,15.167,"ABUR"
"2024-02-24T09:00:00Z",34.4,-119.75,15.154,"ABUR"
"2024-02-24T09:00:00Z",34.4,-119.74,NaN,"ABUR"
"2024-02-24T09:00:00Z",34.4,-119.73,NaN,"ABUR"
"2024-02-25T09:00:00Z",34.38,-119.75,14.885,"ABUR"
"2024-02-25T09:00:00Z",34.38,-119.74,14.904,"ABUR"
"2024-02-25T09:00:00Z",34.38,-119.73,14.926,"ABUR"
"2024-02-25T09:00:00Z",34.39,-119.75,14.888,"ABUR"
"2024-02-25T09:00:00Z",34.39,-119.74,14.905,"ABUR"
"2024-02-25T09:00:00Z",34.39,-119.73,14.924,"ABUR"
"2024-02-25T09:00:00Z",34.4,-119.75,14.886,"ABUR"
"2024-02-25T09:00:00Z",34.4,-119.74,NaN,"ABUR"
"2024-02-25T09:00:00Z",34.4,-119.73,NaN,"ABUR"
"2024-02-26T09:00:00Z",34.38,-119.75,14.784,"ABUR"
"2024-02-26T09:00:00Z",34.38,-119.74,14.818,"ABUR"
"2024-02-26T09:00:00Z",34.38,-119.73,14.87,"ABUR"
"2024-02-26T09:00:00Z",34.39,-119.75,14.8,"ABUR"
"2024-02-26T09:00:00Z",34.39,-119.74,14.829,"ABUR"
"2024-02-26T09:00:00Z",34.39,-119.73,14.87,"ABUR"
"2024-02-26T09:00:00Z",34.4,-119.75,14.81,"ABUR"
"2024-02-26T09:00:00Z",34.4,-119.74,NaN,"ABUR"
"2024-02-26T09:00:00Z",34.4,-119.73,NaN,"ABUR"
"2024-02-27T09:00:00Z",34.38,-119.75,14.706,"ABUR"
"2024-02-27T09:00:00Z",34.38,-119.74,14.715,"ABUR"
"2024-02-27T09:00:00Z",34.38,-119.73,14.721,"ABUR"
"2024-02-27T09:00:00Z",34.39,-119.75,14.728,"ABUR"
"2024-02-27T09:00:00Z",34.39,-119.74,14.736,"ABUR"
"2024-02-27T09:00:00Z",34.39,-119.73,14.743,"ABUR"
"2024-02-27T09:00:00Z",34.4,-119.75,14.751,"ABUR"
"2024-02-27T09:00:00Z",34.4,-119.74,NaN,"ABUR"
"2024-02-27T09:00:00Z",34.4,-119.73,NaN,"ABUR"
"2024-02-28T09:00:00Z",34.38,-119.75,15.297,"ABUR"
"2024-02-28T09:00:00Z",34.38,-119.74,15.307,"ABUR"
"2024-02-28T09:00:00Z",34.38,-119.73,15.311,"ABUR"
"2024-02-28T09:00:00Z",34.39,-119.75,15.296,"ABUR"
"2024-02-28T09:00:00Z",34.39,-119.74,15.302,"ABUR"
"2024-02-28T09:00:00Z",34.39,-119.73,15.304,"ABUR"
"2024-02-28T09:00:00Z",34.4,-119.75,15.294,"ABUR"
"2024-02-28T09:00:00Z",34.4,-119.74,NaN,"ABUR"
"2024-02-28T09:00:00Z",34.4,-119.73,NaN,"ABUR"
"2024-02-29T09:00:00Z",34.38,-119.75,15.248,"ABUR"
"2024-02-29T09:00:00Z",34.38,-119.74,15.257,"ABUR"
"2024-02-29T09:00:00Z",34.38,-119.73,15.252,"ABUR"
"2024-02-29T09:00:00Z",34.39,-119.75,15.258,"ABUR"
"2024-02-29T09:00:00Z",34.39,-119.74,15.253,"ABUR"
"2024-02-29T09:00:00Z",34.39,-119.73,15.241,"ABUR"
"2024-02-29T09:00:00Z",34.4,-119.75,15.264,"ABUR"
"2024-02-29T09:00:00Z",34.4,-119.74,NaN,"ABUR"
"2024-02-29T09:00:00Z",34.4,-119.73,NaN,"ABUR"
"2024-03-01T09:00:00Z",34.38,-119.75,15.227,"ABUR"
"2024-03-01T09:00:00Z",34.38,-119.74,15.233,"ABUR"
"2024-03-01T09:00:00Z",34.38,-119.73,15.237,"ABUR"
"2024-03-01T09:00:00Z",34.39,-119.75,15.227,"ABUR"
"2024-03-01T09:00:00Z",34.39,-119.74,15.232,"ABUR"
"2024-03-01T09:00:00Z",34.39,-119.73,15.235,"ABUR"
"2024-03-01T09:00:00Z",34.4,-119.75,15.228,"ABUR"
"2024-03-01T09:00:00Z",34.4,-119.74,NaN,"ABUR"
"2024-03-01T09:00:00Z",34.4,-119.73,NaN,"ABUR"
"2024-03-01T09:00:00Z",34.38,-119.74,15.233,"ABUR"
"2024-03-01T09:00:00Z",34.38,-119.73,15.237,"ABUR"
"2024-03-01T09:00:00Z",34.39,-119.75,15.227,"ABUR"
"2024-03-01T09:00:00Z",34.39,-119.74,15.232,"ABUR"
"2024-03-01T09:00:00Z",34.39,-119.73,15.235,"ABUR"
"2024-03-01T09:00:00Z",34.4,-119.75,15.228,"ABUR"
"2024-03-01T09:00:00Z",34.4,-119.74,NaN,"ABUR"
"2024-03-01T09:00:00Z",34.4,-119.73,NaN,"ABUR"
"2024-03-02T09:00:00Z",34.38,-119.75,14.866,"ABUR"
"2024-03-02T09:00:00Z",34.38,-119.74,14.859,"ABUR"
"2024-03-02T09:00:00Z",34.38,-119.73,14.852,"ABUR"
"2024-03-02T09:00:00Z",34.39,-119.75,14.882,"ABUR"
"2024-03-02T09:00:00Z",34.39,-119.74,14.876,"ABUR"
"2024-03-02T09:00:00Z",34.39,-119.73,14.869,"ABUR"
"2024-03-02T09:00:00Z",34.4,-119.75,14.898,"ABUR"
"2024-03-02T09:00:00Z",34.4,-119.74,NaN,"ABUR"
"2024-03-02T09:00:00Z",34.4,-119.73,NaN,"ABUR"
"2024-03-03T09:00:00Z",34.38,-119.75,14.334,"ABUR"
"2024-03-03T09:00:00Z",34.38,-119.74,14.346,"ABUR"
"2024-03-03T09:00:00Z",34.38,-119.73,14.357,"ABUR"
"2024-03-03T09:00:00Z",34.39,-119.75,14.319,"ABUR"
"2024-03-03T09:00:00Z",34.39,-119.74,14.33,"ABUR"
"2024-03-03T09:00:00Z",34.39,-119.73,14.341,"ABUR"
"2024-03-03T09:00:00Z",34.4,-119.75,14.308,"ABUR"
"2024-03-03T09:00:00Z",34.4,-119.74,NaN,"ABUR"
"2024-03-03T09:00:00Z",34.4,-119.73,NaN,"ABUR"
"2024-03-04T09:00:00Z",34.38,-119.75,13.976,"ABUR"
"2024-03-04T09:00:00Z",34.38,-119.74,14.012,"ABUR"
"2024-03-04T09:00:00Z",34.38,-119.73,14.051,"ABUR"
"2024-03-04T09:00:00Z",34.39,-119.75,13.964,"ABUR"
"2024-03-04T09:00:00Z",34.39,-119.74,13.997,"ABUR"
"2024-03-04T09:00:00Z",34.39,-119.73,14.034,"ABUR"
"2024-03-04T09:00:00Z",34.4,-119.75,13.961,"ABUR"
"2024-03-04T09:00:00Z",34.4,-119.74,NaN,"ABUR"
"2024-03-04T09:00:00Z",34.4,-119.73,NaN,"ABUR"
"2024-03-05T09:00:00Z",34.38,-119.75,13.857,"ABUR"
"2024-03-05T09:00:00Z",34.38,-119.74,13.899,"ABUR"
"2024-03-05T09:00:00Z",34.38,-119.73,13.946,"ABUR"
"2024-03-05T09:00:00Z",34.39,-119.75,13.851,"ABUR"
"2024-03-05T09:00:00Z",34.39,-119.74,13.887,"ABUR"
"2024-03-05T09:00:00Z",34.39,-119.73,13.927,"ABUR"
"2024-03-05T09:00:00Z",34.4,-119.75,13.848,"ABUR"
"2024-03-05T09:00:00Z",34.4,-119.74,NaN,"ABUR"
"2024-03-05T09:00:00Z",34.4,-119.73,NaN,"ABUR"
"2024-03-06T09:00:00Z",34.38,-119.75,13.905,"ABUR"
"2024-03-06T09:00:00Z",34.38,-119.74,13.916,"ABUR"
"2024-03-06T09:00:00Z",34.38,-119.73,13.932,"ABUR"
"2024-03-06T09:00:00Z",34.39,-119.75,13.89,"ABUR"
"2024-03-06T09:00:00Z",34.39,-119.74,13.903,"ABUR"
"2024-03-06T09:00:00Z",34.39,-119.73,13.92,"ABUR"
"2024-03-06T09:00:00Z",34.4,-119.75,13.882,"ABUR"
"2024-03-06T09:00:00Z",34.4,-119.74,NaN,"ABUR"
"2024-03-06T09:00:00Z",34.4,-119.73,NaN,"ABUR"
"2024-03-07T09:00:00Z",34.38,-119.75,13.908,"ABUR"
"2024-03-07T09:00:00Z",34.38,-119.74,13.89,"ABUR"
"2024-03-07T09:00:00Z",34.38,-119.73,13.88,"ABUR"
"2024-03-07T09:00:00Z",34.39,-119.75,13.875,"ABUR"
"2024-03-07T09:00:00Z",34.39,-119.74,13.862,"ABUR"
"2024-03-07T09:00:00Z",34.39,-119.73,13.857,"ABUR"
"2024-03-07T09:00:00Z",34.4,-119.75,13.856,"ABUR"
"2024-03-07T09:00:00Z",34.4,-119.74,NaN,"ABUR"
"2024-03-07T09:00:00Z",34.4,-119.73,NaN,"ABUR"
"2024-03-08T09:00:00Z",34.38,-119.75,13.855,"ABUR"
"2024-03-08T09:00:00Z",34.38,-119.74,13.851,"ABUR"
"2024-03-08T09:00:00Z",34.38,-119.73,13.853,"ABUR"
"2024-03-08T09:00:00Z",34.39,-119.75,13.82,"ABUR"
"2024-03-08T09:00:00Z",34.39,-119.74,13.817,"ABUR"
"2024-03-08T09:00:00Z",34.39,-119.73,13.82,"ABUR"
"2024-03-08T09:00:00Z",34.4,-119.75,13.811,"ABUR"
"2024-03-08T09:00:00Z",34.4,-119.74,NaN,"ABUR"
"2024-03-08T09:00:00Z",34.4,-119.73,NaN,"ABUR"
"2024-03-09T09:00:00Z",34.38,-119.75,14.021,"ABUR"
"2024-03-09T09:00:00Z",34.38,-119.74,13.994,"ABUR"
"2024-03-09T09:00:00Z",34.38,-119.73,13.971,"ABUR"
"2024-03-09T09:00:00Z",34.39,-119.75,13.999,"ABUR"
"2024-03-09T09:00:00Z",34.39,-119.74,13.974,"ABUR"
"2024-03-09T09:00:00Z",34.39,-119.73,13.954,"ABUR"
"2024-03-09T09:00:00Z",34.4,-119.75,13.988,"ABUR"
"2024-03-09T09:00:00Z",34.4,-119.74,NaN,"ABUR"
"2024-03-09T09:00:00Z",34.4,-119.73,NaN,"ABUR"
"2024-03-10T09:00:00Z",34.38,-119.75,14.374,"ABUR"
"2024-03-10T09:00:00Z",34.38,-119.74,14.378,"ABUR"
"2024-03-10T09:00:00Z",34.38,-119.73,14.378,"ABUR"
"2024-03-10T09:00:00Z",34.39,-119.75,14.352,"ABUR"
"2024-03-10T09:00:00Z",34.39,-119.74,14.353,"ABUR"
"2024-03-10T09:00:00Z",34.39,-119.73,14.349,"ABUR"
"2024-03-10T09:00:00Z",34.4,-119.75,14.334,"ABUR"
"2024-03-10T09:00:00Z",34.4,-119.74,NaN,"ABUR"
"2024-03-10T09:00:00Z",34.4,-119.73,NaN,"ABUR"
"2024-03-11T09:00:00Z",34.38,-119.75,14.452,"ABUR"
"2024-03-11T09:00:00Z",34.38,-119.74,14.452,"ABUR"
"2024-03-11T09:00:00Z",34.38,-119.73,14.452,"ABUR"
"2024-03-11T09:00:00Z",34.39,-119.75,14.439,"ABUR"
"2024-03-11T09:00:00Z",34.39,-119.74,14.437,"ABUR"
"2024-03-11T09:00:00Z",34.39,-119.73,14.434,"ABUR"
"2024-03-11T09:00:00Z",34.4,-119.75,14.423,"ABUR"
"2024-03-11T09:00:00Z",34.4,-119.74,NaN,"ABUR"
"2024-03-11T09:00:00Z",34.4,-119.73,NaN,"ABUR"
"2024-03-12T09:00:00Z",34.38,-119.75,13.989,"ABUR"
"2024-03-12T09:00:00Z",34.38,-119.74,13.999,"ABUR"
"2024-03-12T09:00:00Z",34.38,-119.73,14.011,"ABUR"
"2024-03-12T09:00:00Z",34.39,-119.75,14.004,"ABUR"
"2024-03-12T09:00:00Z",34.39,-119.74,14.014,"ABUR"
"2024-03-12T09:00:00Z",34.39,-119.73,14.024,"ABUR"
"2024-03-12T09:00:00Z",34.4,-119.75,14.016,"ABUR"
"2024-03-12T09:00:00Z",34.4,-119.74,NaN,"ABUR"
"2024-03-12T09:00:00Z",34.4,-119.73,NaN,"ABUR"
"2024-03-13T09:00:00Z",34.38,-119.75,14.092,"ABUR"
"2024-03-13T09:00:00Z",34.38,-119.74,14.092,"ABUR"
"2024-03-13T09:00:00Z",34.38,-119.73,14.084,"ABUR"
"2024-03-13T09:00:00Z",34.39,-119.75,14.087,"ABUR"
"2024-03-13T09:00:00Z",34.39,-119.74,14.085,"ABUR"
"2024-03-13T09:00:00Z",34.39,-119.73,14.076,"ABUR"
"2024-03-13T09:00:00Z",34.4,-119.75,14.066,"ABUR"
"2024-03-13T09:00:00Z",34.4,-119.74,NaN,"ABUR"
"2024-03-13T09:00:00Z",34.4,-119.73,NaN,"ABUR"
"2024-03-14T09:00:00Z",34.38,-119.75,14.149,"ABUR"
"2024-03-14T09:00:00Z",34.38,-119.74,14.151,"ABUR"
"2024-03-14T09:00:00Z",34.38,-119.73,14.133,"ABUR"
"2024-03-14T09:00:00Z",34.39,-119.75,14.132,"ABUR"
"2024-03-14T09:00:00Z",34.39,-119.74,14.125,"ABUR"
"2024-03-14T09:00:00Z",34.39,-119.73,14.101,"ABUR"
"2024-03-14T09:00:00Z",34.4,-119.75,14.085,"ABUR"
"2024-03-14T09:00:00Z",34.4,-119.74,NaN,"ABUR"
"2024-03-14T09:00:00Z",34.4,-119.73,NaN,"ABUR"
"2024-03-15T09:00:00Z",34.38,-119.75,13.789,"ABUR"
"2024-03-15T09:00:00Z",34.38,-119.74,13.78,"ABUR"
"2024-03-15T09:00:00Z",34.38,-119.73,13.752,"ABUR"
"2024-03-15T09:00:00Z",34.39,-119.75,13.736,"ABUR"
"2024-03-15T09:00:00Z",34.39,-119.74,13.726,"ABUR"
"2024-03-15T09:00:00Z",34.39,-119.73,13.699,"ABUR"
"2024-03-15T09:00:00Z",34.4,-119.75,13.688,"ABUR"
"2024-03-15T09:00:00Z",34.4,-119.74,NaN,"ABUR"
"2024-03-15T09:00:00Z",34.4,-119.73,NaN,"ABUR"
"2024-03-16T09:00:00Z",34.38,-119.75,13.716,"ABUR"
"2024-03-16T09:00:00Z",34.38,-119.74,13.699,"ABUR"
"2024-03-16T09:00:00Z",34.38,-119.73,13.674,"ABUR"
"2024-03-16T09:00:00Z",34.39,-119.75,13.682,"ABUR"
"2024-03-16T09:00:00Z",34.39,-119.74,13.666,"ABUR"
"2024-03-16T09:00:00Z",34.39,-119.73,13.642,"ABUR"
"2024-03-16T09:00:00Z",34.4,-119.75,13.652,"ABUR"
"2024-03-16T09:00:00Z",34.4,-119.74,NaN,"ABUR"
"2024-03-16T09:00:00Z",34.4,-119.73,NaN,"ABUR"
"2024-01-01T09:00:00Z",34.46,-120.12,15.648,"AQUE"
"2024-01-01T09:00:00Z",34.46,-120.11,15.66,"AQUE"
"2024-01-01T09:00:00Z",34.47,-120.13,15.64,"AQUE"
"2024-01-01T09:00:00Z",34.47,-120.12,15.652,"AQUE"
"2024-01-01T09:00:00Z",34.47,-120.11,NaN,"AQUE"
"2024-01-01T09:00:00Z",34.48,-120.13,NaN,"AQUE"
"2024-01-01T09:00:00Z",34.48,-120.12,NaN,"AQUE"
"2024-01-01T09:00:00Z",34.48,-120.11,NaN,"AQUE"
"2024-01-02T09:00:00Z",34.46,-120.13,15.86,"AQUE"
"2024-01-02T09:00:00Z",34.46,-120.12,15.877,"AQUE"
"2024-01-02T09:00:00Z",34.46,-120.11,15.889,"AQUE"
"2024-01-02T09:00:00Z",34.47,-120.13,15.845,"AQUE"
"2024-01-02T09:00:00Z",34.47,-120.12,15.863,"AQUE"
"2024-01-02T09:00:00Z",34.47,-120.11,NaN,"AQUE"
"2024-01-02T09:00:00Z",34.48,-120.13,NaN,"AQUE"
"2024-01-02T09:00:00Z",34.48,-120.12,NaN,"AQUE"
"2024-01-02T09:00:00Z",34.48,-120.11,NaN,"AQUE"
"2024-01-03T09:00:00Z",34.46,-120.13,15.719,"AQUE"
"2024-01-03T09:00:00Z",34.46,-120.12,15.735,"AQUE"
"2024-01-03T09:00:00Z",34.46,-120.11,15.748,"AQUE"
"2024-01-03T09:00:00Z",34.47,-120.13,15.715,"AQUE"
"2024-01-03T09:00:00Z",34.47,-120.12,15.73,"AQUE"
"2024-01-03T09:00:00Z",34.47,-120.11,NaN,"AQUE"
"2024-01-03T09:00:00Z",34.48,-120.13,NaN,"AQUE"
"2024-01-03T09:00:00Z",34.48,-120.12,NaN,"AQUE"
"2024-01-03T09:00:00Z",34.48,-120.11,NaN,"AQUE"
"2024-01-04T09:00:00Z",34.46,-120.13,15.464,"AQUE"
"2024-01-04T09:00:00Z",34.46,-120.12,15.486,"AQUE"
"2024-01-04T09:00:00Z",34.46,-120.11,15.505,"AQUE"
"2024-01-04T09:00:00Z",34.47,-120.13,15.433,"AQUE"
"2024-01-04T09:00:00Z",34.47,-120.12,15.453,"AQUE"
"2024-01-04T09:00:00Z",34.47,-120.11,NaN,"AQUE"
"2024-01-04T09:00:00Z",34.48,-120.13,NaN,"AQUE"
"2024-01-04T09:00:00Z",34.48,-120.12,NaN,"AQUE"
"2024-01-04T09:00:00Z",34.48,-120.11,NaN,"AQUE"
"2024-01-05T09:00:00Z",34.46,-120.13,15.015,"AQUE"
"2024-01-05T09:00:00Z",34.46,-120.12,15.036,"AQUE"
"2024-01-05T09:00:00Z",34.46,-120.11,15.058,"AQUE"
"2024-01-05T09:00:00Z",34.47,-120.13,14.966,"AQUE"
"2024-01-05T09:00:00Z",34.47,-120.12,14.985,"AQUE"
"2024-01-05T09:00:00Z",34.47,-120.11,NaN,"AQUE"
"2024-01-05T09:00:00Z",34.48,-120.13,NaN,"AQUE"
"2024-01-05T09:00:00Z",34.48,-120.12,NaN,"AQUE"
"2024-01-05T09:00:00Z",34.48,-120.11,NaN,"AQUE"
"2024-01-06T09:00:00Z",34.46,-120.13,14.594,"AQUE"
"2024-01-06T09:00:00Z",34.46,-120.12,14.596,"AQUE"
"2024-01-06T09:00:00Z",34.46,-120.11,14.605,"AQUE"
"2024-01-06T09:00:00Z",34.47,-120.13,14.582,"AQUE"
"2024-01-06T09:00:00Z",34.47,-120.12,14.581,"AQUE"
"2024-01-06T09:00:00Z",34.47,-120.11,NaN,"AQUE"
"2024-01-06T09:00:00Z",34.48,-120.13,NaN,"AQUE"
"2024-01-06T09:00:00Z",34.48,-120.12,NaN,"AQUE"
"2024-01-06T09:00:00Z",34.48,-120.11,NaN,"AQUE"
"2024-01-07T09:00:00Z",34.46,-120.13,14.287,"AQUE"
"2024-01-07T09:00:00Z",34.46,-120.12,14.275,"AQUE"
"2024-01-07T09:00:00Z",34.46,-120.11,14.271,"AQUE"
"2024-01-07T09:00:00Z",34.47,-120.13,14.268,"AQUE"
"2024-01-07T09:00:00Z",34.47,-120.12,14.257,"AQUE"
"2024-01-07T09:00:00Z",34.47,-120.11,NaN,"AQUE"
"2024-01-07T09:00:00Z",34.48,-120.13,NaN,"AQUE"
"2024-01-07T09:00:00Z",34.48,-120.12,NaN,"AQUE"
"2024-01-07T09:00:00Z",34.48,-120.11,NaN,"AQUE"
"2024-01-08T09:00:00Z",34.46,-120.13,13.918,"AQUE"
"2024-01-08T09:00:00Z",34.46,-120.12,13.934,"AQUE"
"2024-01-08T09:00:00Z",34.46,-120.11,13.964,"AQUE"
"2024-01-08T09:00:00Z",34.47,-120.13,13.887,"AQUE"
"2024-01-08T09:00:00Z",34.47,-120.12,13.9,"AQUE"
"2024-01-08T09:00:00Z",34.47,-120.11,NaN,"AQUE"
"2024-01-08T09:00:00Z",34.48,-120.13,NaN,"AQUE"
"2024-01-08T09:00:00Z",34.48,-120.12,NaN,"AQUE"
"2024-01-08T09:00:00Z",34.48,-120.11,NaN,"AQUE"
"2024-01-09T09:00:00Z",34.46,-120.13,14.091,"AQUE"
"2024-01-09T09:00:00Z",34.46,-120.12,14.124,"AQUE"
"2024-01-09T09:00:00Z",34.46,-120.11,14.148,"AQUE"
"2024-01-09T09:00:00Z",34.47,-120.13,14.011,"AQUE"
"2024-01-09T09:00:00Z",34.47,-120.12,14.041,"AQUE"
"2024-01-09T09:00:00Z",34.47,-120.11,NaN,"AQUE"
"2024-01-09T09:00:00Z",34.48,-120.13,NaN,"AQUE"
"2024-01-09T09:00:00Z",34.48,-120.12,NaN,"AQUE"
"2024-01-09T09:00:00Z",34.48,-120.11,NaN,"AQUE"
"2024-01-10T09:00:00Z",34.46,-120.13,13.968,"AQUE"
"2024-01-10T09:00:00Z",34.46,-120.12,14.008,"AQUE"
"2024-01-10T09:00:00Z",34.46,-120.11,14.032,"AQUE"
"2024-01-10T09:00:00Z",34.47,-120.13,13.89,"AQUE"
"2024-01-10T09:00:00Z",34.47,-120.12,13.927,"AQUE"
"2024-01-10T09:00:00Z",34.47,-120.11,NaN,"AQUE"
"2024-01-10T09:00:00Z",34.48,-120.13,NaN,"AQUE"
"2024-01-10T09:00:00Z",34.48,-120.12,NaN,"AQUE"
"2024-01-10T09:00:00Z",34.48,-120.11,NaN,"AQUE"
"2024-01-11T09:00:00Z",34.46,-120.13,13.547,"AQUE"
"2024-01-11T09:00:00Z",34.46,-120.12,13.588,"AQUE"
"2024-01-11T09:00:00Z",34.46,-120.11,13.625,"AQUE"
"2024-01-11T09:00:00Z",34.47,-120.13,13.515,"AQUE"
"2024-01-11T09:00:00Z",34.47,-120.12,13.548,"AQUE"
"2024-01-11T09:00:00Z",34.47,-120.11,NaN,"AQUE"
"2024-01-11T09:00:00Z",34.48,-120.13,NaN,"AQUE"
"2024-01-11T09:00:00Z",34.48,-120.12,NaN,"AQUE"
"2024-01-11T09:00:00Z",34.48,-120.11,NaN,"AQUE"
"2024-01-12T09:00:00Z",34.46,-120.13,12.929,"AQUE"
"2024-01-12T09:00:00Z",34.46,-120.12,12.915,"AQUE"
"2024-01-12T09:00:00Z",34.46,-120.11,12.898,"AQUE"
"2024-01-12T09:00:00Z",34.47,-120.13,12.91,"AQUE"
"2024-01-12T09:00:00Z",34.47,-120.12,12.901,"AQUE"
"2024-01-12T09:00:00Z",34.47,-120.11,NaN,"AQUE"
"2024-01-12T09:00:00Z",34.48,-120.13,NaN,"AQUE"
"2024-01-12T09:00:00Z",34.48,-120.12,NaN,"AQUE"
"2024-01-12T09:00:00Z",34.48,-120.11,NaN,"AQUE"
"2024-01-13T09:00:00Z",34.46,-120.13,12.676,"AQUE"
"2024-01-13T09:00:00Z",34.46,-120.12,12.662,"AQUE"
"2024-01-13T09:00:00Z",34.46,-120.11,12.648,"AQUE"
"2024-01-13T09:00:00Z",34.47,-120.13,12.666,"AQUE"
"2024-01-13T09:00:00Z",34.47,-120.12,12.654,"AQUE"
"2024-01-13T09:00:00Z",34.47,-120.11,NaN,"AQUE"
"2024-01-13T09:00:00Z",34.48,-120.13,NaN,"AQUE"
"2024-01-13T09:00:00Z",34.48,-120.12,NaN,"AQUE"
"2024-01-13T09:00:00Z",34.48,-120.11,NaN,"AQUE"
"2024-01-14T09:00:00Z",34.46,-120.13,12.795,"AQUE"
"2024-01-14T09:00:00Z",34.46,-120.12,12.805,"AQUE"
"2024-01-14T09:00:00Z",34.46,-120.11,12.816,"AQUE"
"2024-01-14T09:00:00Z",34.47,-120.13,12.78,"AQUE"
"2024-01-14T09:00:00Z",34.47,-120.12,12.79,"AQUE"
"2024-01-14T09:00:00Z",34.47,-120.11,NaN,"AQUE"
"2024-01-14T09:00:00Z",34.48,-120.13,NaN,"AQUE"
"2024-01-14T09:00:00Z",34.48,-120.12,NaN,"AQUE"
"2024-01-14T09:00:00Z",34.48,-120.11,NaN,"AQUE"
"2024-01-15T09:00:00Z",34.46,-120.13,13.262,"AQUE"
"2024-01-15T09:00:00Z",34.46,-120.12,13.298,"AQUE"
"2024-01-15T09:00:00Z",34.46,-120.11,13.332,"AQUE"
"2024-01-15T09:00:00Z",34.47,-120.13,13.228,"AQUE"
"2024-01-15T09:00:00Z",34.47,-120.12,13.261,"AQUE"
"2024-01-15T09:00:00Z",34.47,-120.11,NaN,"AQUE"
"2024-01-15T09:00:00Z",34.48,-120.13,NaN,"AQUE"
"2024-01-15T09:00:00Z",34.48,-120.12,NaN,"AQUE"
"2024-01-15T09:00:00Z",34.48,-120.11,NaN,"AQUE"
"2024-01-16T09:00:00Z",34.46,-120.13,13.61,"AQUE"
"2024-01-16T09:00:00Z",34.46,-120.12,13.647,"AQUE"
"2024-01-16T09:00:00Z",34.46,-120.11,13.681,"AQUE"
"2024-01-16T09:00:00Z",34.47,-120.13,13.574,"AQUE"
"2024-01-16T09:00:00Z",34.47,-120.12,13.609,"AQUE"
"2024-01-16T09:00:00Z",34.47,-120.11,NaN,"AQUE"
"2024-01-16T09:00:00Z",34.48,-120.13,NaN,"AQUE"
"2024-01-16T09:00:00Z",34.48,-120.12,NaN,"AQUE"
"2024-01-16T09:00:00Z",34.48,-120.11,NaN,"AQUE"
"2024-01-17T09:00:00Z",34.46,-120.13,13.455,"AQUE"
"2024-01-17T09:00:00Z",34.46,-120.12,13.47,"AQUE"
"2024-01-17T09:00:00Z",34.46,-120.11,13.484,"AQUE"
"2024-01-17T09:00:00Z",34.47,-120.13,13.432,"AQUE"
"2024-01-17T09:00:00Z",34.47,-120.12,13.447,"AQUE"
"2024-01-17T09:00:00Z",34.47,-120.11,NaN,"AQUE"
"2024-01-17T09:00:00Z",34.48,-120.13,NaN,"AQUE"
"2024-01-17T09:00:00Z",34.48,-120.12,NaN,"AQUE"
"2024-01-17T09:00:00Z",34.48,-120.11,NaN,"AQUE"
"2024-01-18T09:00:00Z",34.46,-120.13,13.024,"AQUE"
"2024-01-18T09:00:00Z",34.46,-120.12,13.03,"AQUE"
"2024-01-18T09:00:00Z",34.46,-120.11,13.036,"AQUE"
"2024-01-18T09:00:00Z",34.47,-120.13,13.013,"AQUE"
"2024-01-18T09:00:00Z",34.47,-120.12,13.019,"AQUE"
"2024-01-18T09:00:00Z",34.47,-120.11,NaN,"AQUE"
"2024-01-18T09:00:00Z",34.48,-120.13,NaN,"AQUE"
"2024-01-18T09:00:00Z",34.48,-120.12,NaN,"AQUE"
"2024-01-18T09:00:00Z",34.48,-120.11,NaN,"AQUE"
"2024-01-19T09:00:00Z",34.46,-120.13,13.207,"AQUE"
"2024-01-19T09:00:00Z",34.46,-120.12,13.213,"AQUE"
"2024-01-19T09:00:00Z",34.46,-120.11,13.22,"AQUE"
"2024-01-19T09:00:00Z",34.47,-120.13,13.194,"AQUE"
"2024-01-19T09:00:00Z",34.47,-120.12,13.201,"AQUE"
"2024-01-19T09:00:00Z",34.47,-120.11,NaN,"AQUE"
"2024-01-19T09:00:00Z",34.48,-120.13,NaN,"AQUE"
"2024-01-19T09:00:00Z",34.48,-120.12,NaN,"AQUE"
"2024-01-19T09:00:00Z",34.48,-120.11,NaN,"AQUE"
"2024-01-20T09:00:00Z",34.46,-120.13,13.537,"AQUE"
"2024-01-20T09:00:00Z",34.46,-120.12,13.544,"AQUE"
"2024-01-20T09:00:00Z",34.46,-120.11,13.551,"AQUE"
"2024-01-20T09:00:00Z",34.47,-120.13,13.521,"AQUE"
"2024-01-20T09:00:00Z",34.47,-120.12,13.528,"AQUE"
"2024-01-20T09:00:00Z",34.47,-120.11,NaN,"AQUE"
"2024-01-20T09:00:00Z",34.48,-120.13,NaN,"AQUE"
"2024-01-20T09:00:00Z",34.48,-120.12,NaN,"AQUE"
"2024-01-20T09:00:00Z",34.48,-120.11,NaN,"AQUE"
"2024-01-21T09:00:00Z",34.46,-120.13,13.346,"AQUE"
"2024-01-21T09:00:00Z",34.46,-120.12,13.357,"AQUE"
"2024-01-21T09:00:00Z",34.46,-120.11,13.369,"AQUE"
"2024-01-21T09:00:00Z",34.47,-120.13,13.342,"AQUE"
"2024-01-21T09:00:00Z",34.47,-120.12,13.353,"AQUE"
"2024-01-21T09:00:00Z",34.47,-120.11,NaN,"AQUE"
"2024-01-21T09:00:00Z",34.48,-120.13,NaN,"AQUE"
"2024-01-21T09:00:00Z",34.48,-120.12,NaN,"AQUE"
"2024-01-21T09:00:00Z",34.48,-120.11,NaN,"AQUE"
"2024-01-22T09:00:00Z",34.46,-120.13,13.943,"AQUE"
"2024-01-22T09:00:00Z",34.46,-120.12,13.946,"AQUE"
"2024-01-22T09:00:00Z",34.46,-120.11,13.95,"AQUE"
"2024-01-22T09:00:00Z",34.47,-120.13,13.957,"AQUE"
"2024-01-22T09:00:00Z",34.47,-120.12,13.959,"AQUE"
"2024-01-22T09:00:00Z",34.47,-120.11,NaN,"AQUE"
"2024-01-22T09:00:00Z",34.48,-120.13,NaN,"AQUE"
"2024-01-22T09:00:00Z",34.48,-120.12,NaN,"AQUE"
"2024-01-22T09:00:00Z",34.48,-120.11,NaN,"AQUE"
"2024-01-23T09:00:00Z",34.46,-120.13,14.283,"AQUE"
"2024-01-23T09:00:00Z",34.46,-120.12,14.294,"AQUE"
"2024-01-23T09:00:00Z",34.46,-120.11,14.302,"AQUE"
"2024-01-23T09:00:00Z",34.47,-120.13,14.282,"AQUE"
"2024-01-23T09:00:00Z",34.47,-120.12,14.293,"AQUE"
"2024-01-23T09:00:00Z",34.47,-120.11,NaN,"AQUE"
"2024-01-23T09:00:00Z",34.48,-120.13,NaN,"AQUE"
"2024-01-23T09:00:00Z",34.48,-120.12,NaN,"AQUE"
"2024-01-23T09:00:00Z",34.48,-120.11,NaN,"AQUE"
"2024-01-24T09:00:00Z",34.46,-120.13,14.328,"AQUE"
"2024-01-24T09:00:00Z",34.46,-120.12,14.342,"AQUE"
"2024-01-24T09:00:00Z",34.46,-120.11,14.355,"AQUE"
"2024-01-24T09:00:00Z",34.47,-120.13,14.333,"AQUE"
"2024-01-24T09:00:00Z",34.47,-120.12,14.347,"AQUE"
"2024-01-24T09:00:00Z",34.47,-120.11,NaN,"AQUE"
"2024-01-24T09:00:00Z",34.48,-120.13,NaN,"AQUE"
"2024-01-24T09:00:00Z",34.48,-120.12,NaN,"AQUE"
"2024-01-24T09:00:00Z",34.48,-120.11,NaN,"AQUE"
"2024-01-25T09:00:00Z",34.46,-120.13,14.239,"AQUE"
"2024-01-25T09:00:00Z",34.46,-120.12,14.257,"AQUE"
"2024-01-25T09:00:00Z",34.46,-120.11,14.279,"AQUE"
"2024-01-25T09:00:00Z",34.47,-120.13,14.249,"AQUE"
"2024-01-25T09:00:00Z",34.47,-120.12,14.265,"AQUE"
"2024-01-25T09:00:00Z",34.47,-120.11,NaN,"AQUE"
"2024-01-25T09:00:00Z",34.48,-120.13,NaN,"AQUE"
"2024-01-25T09:00:00Z",34.48,-120.12,NaN,"AQUE"
"2024-01-25T09:00:00Z",34.48,-120.11,NaN,"AQUE"
"2024-01-26T09:00:00Z",34.46,-120.13,14.115,"AQUE"
"2024-01-26T09:00:00Z",34.46,-120.12,14.136,"AQUE"
"2024-01-26T09:00:00Z",34.46,-120.11,14.16,"AQUE"
"2024-01-26T09:00:00Z",34.47,-120.13,14.12,"AQUE"
"2024-01-26T09:00:00Z",34.47,-120.12,14.141,"AQUE"
"2024-01-26T09:00:00Z",34.47,-120.11,NaN,"AQUE"
"2024-01-26T09:00:00Z",34.48,-120.13,NaN,"AQUE"
"2024-01-26T09:00:00Z",34.48,-120.12,NaN,"AQUE"
"2024-01-26T09:00:00Z",34.48,-120.11,NaN,"AQUE"
"2024-01-27T09:00:00Z",34.46,-120.13,14.28,"AQUE"
"2024-01-27T09:00:00Z",34.46,-120.12,14.272,"AQUE"
"2024-01-27T09:00:00Z",34.46,-120.11,14.272,"AQUE"
"2024-01-27T09:00:00Z",34.47,-120.13,14.329,"AQUE"
"2024-01-27T09:00:00Z",34.47,-120.12,14.321,"AQUE"
"2024-01-27T09:00:00Z",34.47,-120.11,NaN,"AQUE"
"2024-01-27T09:00:00Z",34.48,-120.13,NaN,"AQUE"
"2024-01-27T09:00:00Z",34.48,-120.12,NaN,"AQUE"
"2024-01-27T09:00:00Z",34.48,-120.11,NaN,"AQUE"
"2024-01-28T09:00:00Z",34.46,-120.13,15.176,"AQUE"
"2024-01-28T09:00:00Z",34.46,-120.12,15.217,"AQUE"
"2024-01-28T09:00:00Z",34.46,-120.11,15.265,"AQUE"
"2024-01-28T09:00:00Z",34.47,-120.13,15.168,"AQUE"
"2024-01-28T09:00:00Z",34.47,-120.12,15.201,"AQUE"
"2024-01-28T09:00:00Z",34.47,-120.11,NaN,"AQUE"
"2024-01-28T09:00:00Z",34.48,-120.13,NaN,"AQUE"
"2024-01-28T09:00:00Z",34.48,-120.12,NaN,"AQUE"
"2024-01-28T09:00:00Z",34.48,-120.11,NaN,"AQUE"
"2024-01-29T09:00:00Z",34.46,-120.13,15.07,"AQUE"
"2024-01-29T09:00:00Z",34.46,-120.12,15.171,"AQUE"
"2024-01-29T09:00:00Z",34.46,-120.11,15.286,"AQUE"
"2024-01-29T09:00:00Z",34.47,-120.13,15.101,"AQUE"
"2024-01-29T09:00:00Z",34.47,-120.12,15.168,"AQUE"
"2024-01-29T09:00:00Z",34.47,-120.11,NaN,"AQUE"
"2024-01-29T09:00:00Z",34.48,-120.13,NaN,"AQUE"
"2024-01-29T09:00:00Z",34.48,-120.12,NaN,"AQUE"
"2024-01-29T09:00:00Z",34.48,-120.11,NaN,"AQUE"
"2024-01-30T09:00:00Z",34.46,-120.13,15.304,"AQUE"
"2024-01-30T09:00:00Z",34.46,-120.12,15.33,"AQUE"
"2024-01-30T09:00:00Z",34.46,-120.11,15.362,"AQUE"
"2024-01-30T09:00:00Z",34.47,-120.13,15.282,"AQUE"
"2024-01-30T09:00:00Z",34.47,-120.12,15.303,"AQUE"
"2024-01-30T09:00:00Z",34.47,-120.11,NaN,"AQUE"
"2024-01-30T09:00:00Z",34.48,-120.13,NaN,"AQUE"
"2024-01-30T09:00:00Z",34.48,-120.12,NaN,"AQUE"
"2024-01-30T09:00:00Z",34.48,-120.11,NaN,"AQUE"
"2024-01-31T09:00:00Z",34.46,-120.13,15.315,"AQUE"
"2024-01-31T09:00:00Z",34.46,-120.12,15.311,"AQUE"
"2024-01-31T09:00:00Z",34.46,-120.11,15.307,"AQUE"
"2024-01-31T09:00:00Z",34.47,-120.13,15.301,"AQUE"
"2024-01-31T09:00:00Z",34.47,-120.12,15.298,"AQUE"
"2024-01-31T09:00:00Z",34.47,-120.11,NaN,"AQUE"
"2024-01-31T09:00:00Z",34.48,-120.13,NaN,"AQUE"
"2024-01-31T09:00:00Z",34.48,-120.12,NaN,"AQUE"
"2024-01-31T09:00:00Z",34.48,-120.11,NaN,"AQUE"
"2024-02-01T09:00:00Z",34.46,-120.13,14.78,"AQUE"
"2024-02-01T09:00:00Z",34.46,-120.12,14.779,"AQUE"
"2024-02-01T09:00:00Z",34.46,-120.11,14.777,"AQUE"
"2024-02-01T09:00:00Z",34.47,-120.13,14.776,"AQUE"
"2024-02-01T09:00:00Z",34.47,-120.12,14.775,"AQUE"
"2024-02-01T09:00:00Z",34.47,-120.11,NaN,"AQUE"
"2024-02-01T09:00:00Z",34.48,-120.13,NaN,"AQUE"
"2024-02-01T09:00:00Z",34.48,-120.12,NaN,"AQUE"
"2024-02-01T09:00:00Z",34.48,-120.11,NaN,"AQUE"
"2024-02-01T09:00:00Z",34.46,-120.12,14.779,"AQUE"
"2024-02-01T09:00:00Z",34.46,-120.11,14.777,"AQUE"
"2024-02-01T09:00:00Z",34.47,-120.13,14.776,"AQUE"
"2024-02-01T09:00:00Z",34.47,-120.12,14.775,"AQUE"
"2024-02-01T09:00:00Z",34.47,-120.11,NaN,"AQUE"
"2024-02-01T09:00:00Z",34.48,-120.13,NaN,"AQUE"
"2024-02-01T09:00:00Z",34.48,-120.12,NaN,"AQUE"
"2024-02-01T09:00:00Z",34.48,-120.11,NaN,"AQUE"
"2024-02-02T09:00:00Z",34.46,-120.13,14.909,"AQUE"
"2024-02-02T09:00:00Z",34.46,-120.12,14.925,"AQUE"
"2024-02-02T09:00:00Z",34.46,-120.11,14.941,"AQUE"
"2024-02-02T09:00:00Z",34.47,-120.13,14.896,"AQUE"
"2024-02-02T09:00:00Z",34.47,-120.12,14.91,"AQUE"
"2024-02-02T09:00:00Z",34.47,-120.11,NaN,"AQUE"
"2024-02-02T09:00:00Z",34.48,-120.13,NaN,"AQUE"
"2024-02-02T09:00:00Z",34.48,-120.12,NaN,"AQUE"
"2024-02-02T09:00:00Z",34.48,-120.11,NaN,"AQUE"
"2024-02-03T09:00:00Z",34.46,-120.13,14.771,"AQUE"
"2024-02-03T09:00:00Z",34.46,-120.12,14.797,"AQUE"
"2024-02-03T09:00:00Z",34.46,-120.11,14.828,"AQUE"
"2024-02-03T09:00:00Z",34.47,-120.13,14.755,"AQUE"
"2024-02-03T09:00:00Z",34.47,-120.12,14.778,"AQUE"
"2024-02-03T09:00:00Z",34.47,-120.11,NaN,"AQUE"
"2024-02-03T09:00:00Z",34.48,-120.13,NaN,"AQUE"
"2024-02-03T09:00:00Z",34.48,-120.12,NaN,"AQUE"
"2024-02-03T09:00:00Z",34.48,-120.11,NaN,"AQUE"
"2024-02-04T09:00:00Z",34.46,-120.13,14.776,"AQUE"
"2024-02-04T09:00:00Z",34.46,-120.12,14.783,"AQUE"
"2024-02-04T09:00:00Z",34.46,-120.11,14.79,"AQUE"
"2024-02-04T09:00:00Z",34.47,-120.13,14.77,"AQUE"
"2024-02-04T09:00:00Z",34.47,-120.12,14.777,"AQUE"
"2024-02-04T09:00:00Z",34.47,-120.11,NaN,"AQUE"
"2024-02-04T09:00:00Z",34.48,-120.13,NaN,"AQUE"
"2024-02-04T09:00:00Z",34.48,-120.12,NaN,"AQUE"
"2024-02-04T09:00:00Z",34.48,-120.11,NaN,"AQUE"
"2024-02-05T09:00:00Z",34.46,-120.13,14.181,"AQUE"
"2024-02-05T09:00:00Z",34.46,-120.12,14.165,"AQUE"
"2024-02-05T09:00:00Z",34.46,-120.11,14.15,"AQUE"
"2024-02-05T09:00:00Z",34.47,-120.13,14.214,"AQUE"
"2024-02-05T09:00:00Z",34.47,-120.12,14.199,"AQUE"
"2024-02-05T09:00:00Z",34.47,-120.11,NaN,"AQUE"
"2024-02-05T09:00:00Z",34.48,-120.13,NaN,"AQUE"
"2024-02-05T09:00:00Z",34.48,-120.12,NaN,"AQUE"
"2024-02-05T09:00:00Z",34.48,-120.11,NaN,"AQUE"
"2024-02-06T09:00:00Z",34.46,-120.13,14.081,"AQUE"
"2024-02-06T09:00:00Z",34.46,-120.12,14.083,"AQUE"
"2024-02-06T09:00:00Z",34.46,-120.11,14.087,"AQUE"
"2024-02-06T09:00:00Z",34.47,-120.13,14.09,"AQUE"
"2024-02-06T09:00:00Z",34.47,-120.12,14.092,"AQUE"
"2024-02-06T09:00:00Z",34.47,-120.11,NaN,"AQUE"
"2024-02-06T09:00:00Z",34.48,-120.13,NaN,"AQUE"
"2024-02-06T09:00:00Z",34.48,-120.12,NaN,"AQUE"
"2024-02-06T09:00:00Z",34.48,-120.11,NaN,"AQUE"
"2024-02-07T09:00:00Z",34.46,-120.13,14.16,"AQUE"
"2024-02-07T09:00:00Z",34.46,-120.12,14.164,"AQUE"
"2024-02-07T09:00:00Z",34.46,-120.11,14.172,"AQUE"
"2024-02-07T09:00:00Z",34.47,-120.13,14.168,"AQUE"
"2024-02-07T09:00:00Z",34.47,-120.12,14.175,"AQUE"
"2024-02-07T09:00:00Z",34.47,-120.11,NaN,"AQUE"
"2024-02-07T09:00:00Z",34.48,-120.13,NaN,"AQUE"
"2024-02-07T09:00:00Z",34.48,-120.12,NaN,"AQUE"
"2024-02-07T09:00:00Z",34.48,-120.11,NaN,"AQUE"
"2024-02-08T09:00:00Z",34.46,-120.13,14.25,"AQUE"
"2024-02-08T09:00:00Z",34.46,-120.12,14.267,"AQUE"
"2024-02-08T09:00:00Z",34.46,-120.11,14.288,"AQUE"
"2024-02-08T09:00:00Z",34.47,-120.13,14.253,"AQUE"
"2024-02-08T09:00:00Z",34.47,-120.12,14.27,"AQUE"
"2024-02-08T09:00:00Z",34.47,-120.11,NaN,"AQUE"
"2024-02-08T09:00:00Z",34.48,-120.13,NaN,"AQUE"
"2024-02-08T09:00:00Z",34.48,-120.12,NaN,"AQUE"
"2024-02-08T09:00:00Z",34.48,-120.11,NaN,"AQUE"
"2024-02-09T09:00:00Z",34.46,-120.13,14.223,"AQUE"
"2024-02-09T09:00:00Z",34.46,-120.12,14.241,"AQUE"
"2024-02-09T09:00:00Z",34.46,-120.11,14.261,"AQUE"
"2024-02-09T09:00:00Z",34.47,-120.13,14.223,"AQUE"
"2024-02-09T09:00:00Z",34.47,-120.12,14.24,"AQUE"
"2024-02-09T09:00:00Z",34.47,-120.11,NaN,"AQUE"
"2024-02-09T09:00:00Z",34.48,-120.13,NaN,"AQUE"
"2024-02-09T09:00:00Z",34.48,-120.12,NaN,"AQUE"
"2024-02-09T09:00:00Z",34.48,-120.11,NaN,"AQUE"
"2024-02-10T09:00:00Z",34.46,-120.13,14.097,"AQUE"
"2024-02-10T09:00:00Z",34.46,-120.12,14.113,"AQUE"
"2024-02-10T09:00:00Z",34.46,-120.11,14.125,"AQUE"
"2024-02-10T09:00:00Z",34.47,-120.13,14.085,"AQUE"
"2024-02-10T09:00:00Z",34.47,-120.12,14.1,"AQUE"
"2024-02-10T09:00:00Z",34.47,-120.11,NaN,"AQUE"
"2024-02-10T09:00:00Z",34.48,-120.13,NaN,"AQUE"
"2024-02-10T09:00:00Z",34.48,-120.12,NaN,"AQUE"
"2024-02-10T09:00:00Z",34.48,-120.11,NaN,"AQUE"
"2024-02-11T09:00:00Z",34.46,-120.13,14.142,"AQUE"
"2024-02-11T09:00:00Z",34.46,-120.12,14.147,"AQUE"
"2024-02-11T09:00:00Z",34.46,-120.11,14.153,"AQUE"
"2024-02-11T09:00:00Z",34.47,-120.13,14.122,"AQUE"
"2024-02-11T09:00:00Z",34.47,-120.12,14.127,"AQUE"
"2024-02-11T09:00:00Z",34.47,-120.11,NaN,"AQUE"
"2024-02-11T09:00:00Z",34.48,-120.13,NaN,"AQUE"
"2024-02-11T09:00:00Z",34.48,-120.12,NaN,"AQUE"
"2024-02-11T09:00:00Z",34.48,-120.11,NaN,"AQUE"
"2024-02-12T09:00:00Z",34.46,-120.13,14.117,"AQUE"
"2024-02-12T09:00:00Z",34.46,-120.12,14.103,"AQUE"
"2024-02-12T09:00:00Z",34.46,-120.11,14.091,"AQUE"
"2024-02-12T09:00:00Z",34.47,-120.13,14.106,"AQUE"
"2024-02-12T09:00:00Z",34.47,-120.12,14.094,"AQUE"
"2024-02-12T09:00:00Z",34.47,-120.11,NaN,"AQUE"
"2024-02-12T09:00:00Z",34.48,-120.13,NaN,"AQUE"
"2024-02-12T09:00:00Z",34.48,-120.12,NaN,"AQUE"
"2024-02-12T09:00:00Z",34.48,-120.11,NaN,"AQUE"
"2024-02-13T09:00:00Z",34.46,-120.13,14.178,"AQUE"
"2024-02-13T09:00:00Z",34.46,-120.12,14.191,"AQUE"
"2024-02-13T09:00:00Z",34.46,-120.11,14.204,"AQUE"
"2024-02-13T09:00:00Z",34.47,-120.13,14.156,"AQUE"
"2024-02-13T09:00:00Z",34.47,-120.12,14.169,"AQUE"
"2024-02-13T09:00:00Z",34.47,-120.11,NaN,"AQUE"
"2024-02-13T09:00:00Z",34.48,-120.13,NaN,"AQUE"
"2024-02-13T09:00:00Z",34.48,-120.12,NaN,"AQUE"
"2024-02-13T09:00:00Z",34.48,-120.11,NaN,"AQUE"
"2024-02-14T09:00:00Z",34.46,-120.13,14.224,"AQUE"
"2024-02-14T09:00:00Z",34.46,-120.12,14.219,"AQUE"
"2024-02-14T09:00:00Z",34.46,-120.11,14.213,"AQUE"
"2024-02-14T09:00:00Z",34.47,-120.13,14.21,"AQUE"
"2024-02-14T09:00:00Z",34.47,-120.12,14.206,"AQUE"
"2024-02-14T09:00:00Z",34.47,-120.11,NaN,"AQUE"
"2024-02-14T09:00:00Z",34.48,-120.13,NaN,"AQUE"
"2024-02-14T09:00:00Z",34.48,-120.12,NaN,"AQUE"
"2024-02-14T09:00:00Z",34.48,-120.11,NaN,"AQUE"
"2024-02-15T09:00:00Z",34.46,-120.13,14.101,"AQUE"
"2024-02-15T09:00:00Z",34.46,-120.12,14.109,"AQUE"
"2024-02-15T09:00:00Z",34.46,-120.11,14.118,"AQUE"
"2024-02-15T09:00:00Z",34.47,-120.13,14.097,"AQUE"
"2024-02-15T09:00:00Z",34.47,-120.12,14.106,"AQUE"
"2024-02-15T09:00:00Z",34.47,-120.11,NaN,"AQUE"
"2024-02-15T09:00:00Z",34.48,-120.13,NaN,"AQUE"
"2024-02-15T09:00:00Z",34.48,-120.12,NaN,"AQUE"
"2024-02-15T09:00:00Z",34.48,-120.11,NaN,"AQUE"
"2024-02-16T09:00:00Z",34.46,-120.13,14.321,"AQUE"
"2024-02-16T09:00:00Z",34.46,-120.12,14.336,"AQUE"
"2024-02-16T09:00:00Z",34.46,-120.11,14.346,"AQUE"
"2024-02-16T09:00:00Z",34.47,-120.13,14.301,"AQUE"
"2024-02-16T09:00:00Z",34.47,-120.12,14.314,"AQUE"
"2024-02-16T09:00:00Z",34.47,-120.11,NaN,"AQUE"
"2024-02-16T09:00:00Z",34.48,-120.13,NaN,"AQUE"
"2024-02-16T09:00:00Z",34.48,-120.12,NaN,"AQUE"
"2024-02-16T09:00:00Z",34.48,-120.11,NaN,"AQUE"
"2024-02-17T09:00:00Z",34.46,-120.13,14.459,"AQUE"
"2024-02-17T09:00:00Z",34.46,-120.12,14.466,"AQUE"
"2024-02-17T09:00:00Z",34.46,-120.11,14.468,"AQUE"
"2024-02-17T09:00:00Z",34.47,-120.13,14.45,"AQUE"
"2024-02-17T09:00:00Z",34.47,-120.12,14.453,"AQUE"
"2024-02-17T09:00:00Z",34.47,-120.11,NaN,"AQUE"
"2024-02-17T09:00:00Z",34.48,-120.13,NaN,"AQUE"
"2024-02-17T09:00:00Z",34.48,-120.12,NaN,"AQUE"
"2024-02-17T09:00:00Z",34.48,-120.11,NaN,"AQUE"
"2024-02-18T09:00:00Z",34.46,-120.13,14.393,"AQUE"
"2024-02-18T09:00:00Z",34.46,-120.12,14.393,"AQUE"
"2024-02-18T09:00:00Z",34.46,-120.11,14.391,"AQUE"
"2024-02-18T09:00:00Z",34.47,-120.13,14.391,"AQUE"
"2024-02-18T09:00:00Z",34.47,-120.12,14.39,"AQUE"
"2024-02-18T09:00:00Z",34.47,-120.11,NaN,"AQUE"
"2024-02-18T09:00:00Z",34.48,-120.13,NaN,"AQUE"
"2024-02-18T09:00:00Z",34.48,-120.12,NaN,"AQUE"
"2024-02-18T09:00:00Z",34.48,-120.11,NaN,"AQUE"
"2024-02-19T09:00:00Z",34.46,-120.13,14.339,"AQUE"
"2024-02-19T09:00:00Z",34.46,-120.12,14.339,"AQUE"
"2024-02-19T09:00:00Z",34.46,-120.11,14.339,"AQUE"
"2024-02-19T09:00:00Z",34.47,-120.13,14.336,"AQUE"
"2024-02-19T09:00:00Z",34.47,-120.12,14.336,"AQUE"
"2024-02-19T09:00:00Z",34.47,-120.11,NaN,"AQUE"
"2024-02-19T09:00:00Z",34.48,-120.13,NaN,"AQUE"
"2024-02-19T09:00:00Z",34.48,-120.12,NaN,"AQUE"
"2024-02-19T09:00:00Z",34.48,-120.11,NaN,"AQUE"
"2024-02-20T09:00:00Z",34.46,-120.13,14.838,"AQUE"
"2024-02-20T09:00:00Z",34.46,-120.12,14.841,"AQUE"
"2024-02-20T09:00:00Z",34.46,-120.11,14.844,"AQUE"
"2024-02-20T09:00:00Z",34.47,-120.13,14.833,"AQUE"
"2024-02-20T09:00:00Z",34.47,-120.12,14.836,"AQUE"
"2024-02-20T09:00:00Z",34.47,-120.11,NaN,"AQUE"
"2024-02-20T09:00:00Z",34.48,-120.13,NaN,"AQUE"
"2024-02-20T09:00:00Z",34.48,-120.12,NaN,"AQUE"
"2024-02-20T09:00:00Z",34.48,-120.11,NaN,"AQUE"
"2024-02-21T09:00:00Z",34.46,-120.13,14.812,"AQUE"
"2024-02-21T09:00:00Z",34.46,-120.12,14.823,"AQUE"
"2024-02-21T09:00:00Z",34.46,-120.11,14.84,"AQUE"
"2024-02-21T09:00:00Z",34.47,-120.13,14.805,"AQUE"
"2024-02-21T09:00:00Z",34.47,-120.12,14.818,"AQUE"
"2024-02-21T09:00:00Z",34.47,-120.11,NaN,"AQUE"
"2024-02-21T09:00:00Z",34.48,-120.13,NaN,"AQUE"
"2024-02-21T09:00:00Z",34.48,-120.12,NaN,"AQUE"
"2024-02-21T09:00:00Z",34.48,-120.11,NaN,"AQUE"
"2024-02-22T09:00:00Z",34.46,-120.13,14.798,"AQUE"
"2024-02-22T09:00:00Z",34.46,-120.12,14.804,"AQUE"
"2024-02-22T09:00:00Z",34.46,-120.11,14.82,"AQUE"
"2024-02-22T09:00:00Z",34.47,-120.13,14.783,"AQUE"
"2024-02-22T09:00:00Z",34.47,-120.12,14.792,"AQUE"
"2024-02-22T09:00:00Z",34.47,-120.11,NaN,"AQUE"
"2024-02-22T09:00:00Z",34.48,-120.13,NaN,"AQUE"
"2024-02-22T09:00:00Z",34.48,-120.12,NaN,"AQUE"
"2024-02-22T09:00:00Z",34.48,-120.11,NaN,"AQUE"
"2024-02-23T09:00:00Z",34.46,-120.13,14.893,"AQUE"
"2024-02-23T09:00:00Z",34.46,-120.12,14.905,"AQUE"
"2024-02-23T09:00:00Z",34.46,-120.11,14.922,"AQUE"
"2024-02-23T09:00:00Z",34.47,-120.13,14.892,"AQUE"
"2024-02-23T09:00:00Z",34.47,-120.12,14.905,"AQUE"
"2024-02-23T09:00:00Z",34.47,-120.11,NaN,"AQUE"
"2024-02-23T09:00:00Z",34.48,-120.13,NaN,"AQUE"
"2024-02-23T09:00:00Z",34.48,-120.12,NaN,"AQUE"
"2024-02-23T09:00:00Z",34.48,-120.11,NaN,"AQUE"
"2024-02-24T09:00:00Z",34.46,-120.13,14.913,"AQUE"
"2024-02-24T09:00:00Z",34.46,-120.12,14.91,"AQUE"
"2024-02-24T09:00:00Z",34.46,-120.11,14.908,"AQUE"
"2024-02-24T09:00:00Z",34.47,-120.13,14.918,"AQUE"
"2024-02-24T09:00:00Z",34.47,-120.12,14.916,"AQUE"
"2024-02-24T09:00:00Z",34.47,-120.11,NaN,"AQUE"
"2024-02-24T09:00:00Z",34.48,-120.13,NaN,"AQUE"
"2024-02-24T09:00:00Z",34.48,-120.12,NaN,"AQUE"
"2024-02-24T09:00:00Z",34.48,-120.11,NaN,"AQUE"
"2024-02-25T09:00:00Z",34.46,-120.13,14.795,"AQUE"
"2024-02-25T09:00:00Z",34.46,-120.12,14.784,"AQUE"
"2024-02-25T09:00:00Z",34.46,-120.11,14.772,"AQUE"
"2024-02-25T09:00:00Z",34.47,-120.13,14.792,"AQUE"
"2024-02-25T09:00:00Z",34.47,-120.12,14.782,"AQUE"
"2024-02-25T09:00:00Z",34.47,-120.11,NaN,"AQUE"
"2024-02-25T09:00:00Z",34.48,-120.13,NaN,"AQUE"
"2024-02-25T09:00:00Z",34.48,-120.12,NaN,"AQUE"
"2024-02-25T09:00:00Z",34.48,-120.11,NaN,"AQUE"
"2024-02-26T09:00:00Z",34.46,-120.13,14.632,"AQUE"
"2024-02-26T09:00:00Z",34.46,-120.12,14.631,"AQUE"
"2024-02-26T09:00:00Z",34.46,-120.11,14.632,"AQUE"
"2024-02-26T09:00:00Z",34.47,-120.13,14.636,"AQUE"
"2024-02-26T09:00:00Z",34.47,-120.12,14.635,"AQUE"
"2024-02-26T09:00:00Z",34.47,-120.11,NaN,"AQUE"
"2024-02-26T09:00:00Z",34.48,-120.13,NaN,"AQUE"
"2024-02-26T09:00:00Z",34.48,-120.12,NaN,"AQUE"
"2024-02-26T09:00:00Z",34.48,-120.11,NaN,"AQUE"
"2024-02-27T09:00:00Z",34.46,-120.13,14.467,"AQUE"
"2024-02-27T09:00:00Z",34.46,-120.12,14.473,"AQUE"
"2024-02-27T09:00:00Z",34.46,-120.11,14.484,"AQUE"
"2024-02-27T09:00:00Z",34.47,-120.13,14.508,"AQUE"
"2024-02-27T09:00:00Z",34.47,-120.12,14.515,"AQUE"
"2024-02-27T09:00:00Z",34.47,-120.11,NaN,"AQUE"
"2024-02-27T09:00:00Z",34.48,-120.13,NaN,"AQUE"
"2024-02-27T09:00:00Z",34.48,-120.12,NaN,"AQUE"
"2024-02-27T09:00:00Z",34.48,-120.11,NaN,"AQUE"
"2024-02-28T09:00:00Z",34.46,-120.13,15.365,"AQUE"
"2024-02-28T09:00:00Z",34.46,-120.12,15.354,"AQUE"
"2024-02-28T09:00:00Z",34.46,-120.11,15.338,"AQUE"
"2024-02-28T09:00:00Z",34.47,-120.13,15.354,"AQUE"
"2024-02-28T09:00:00Z",34.47,-120.12,15.347,"AQUE"
"2024-02-28T09:00:00Z",34.47,-120.11,NaN,"AQUE"
"2024-02-28T09:00:00Z",34.48,-120.13,NaN,"AQUE"
"2024-02-28T09:00:00Z",34.48,-120.12,NaN,"AQUE"
"2024-02-28T09:00:00Z",34.48,-120.11,NaN,"AQUE"
"2024-02-29T09:00:00Z",34.46,-120.13,15.403,"AQUE"
"2024-02-29T09:00:00Z",34.46,-120.12,15.39,"AQUE"
"2024-02-29T09:00:00Z",34.46,-120.11,15.371,"AQUE"
"2024-02-29T09:00:00Z",34.47,-120.13,15.378,"AQUE"
"2024-02-29T09:00:00Z",34.47,-120.12,15.37,"AQUE"
"2024-02-29T09:00:00Z",34.47,-120.11,NaN,"AQUE"
"2024-02-29T09:00:00Z",34.48,-120.13,NaN,"AQUE"
"2024-02-29T09:00:00Z",34.48,-120.12,NaN,"AQUE"
"2024-02-29T09:00:00Z",34.48,-120.11,NaN,"AQUE"
"2024-03-01T09:00:00Z",34.46,-120.13,15.309,"AQUE"
"2024-03-01T09:00:00Z",34.46,-120.12,15.305,"AQUE"
"2024-03-01T09:00:00Z",34.46,-120.11,15.299,"AQUE"
"2024-03-01T09:00:00Z",34.47,-120.13,15.297,"AQUE"
"2024-03-01T09:00:00Z",34.47,-120.12,15.295,"AQUE"
"2024-03-01T09:00:00Z",34.47,-120.11,NaN,"AQUE"
"2024-03-01T09:00:00Z",34.48,-120.13,NaN,"AQUE"
"2024-03-01T09:00:00Z",34.48,-120.12,NaN,"AQUE"
"2024-03-01T09:00:00Z",34.48,-120.11,NaN,"AQUE"
"2024-03-01T09:00:00Z",34.46,-120.12,15.305,"AQUE"
"2024-03-01T09:00:00Z",34.46,-120.11,15.299,"AQUE"
"2024-03-01T09:00:00Z",34.47,-120.13,15.297,"AQUE"
"2024-03-01T09:00:00Z",34.47,-120.12,15.295,"AQUE"
"2024-03-01T09:00:00Z",34.47,-120.11,NaN,"AQUE"
"2024-03-01T09:00:00Z",34.48,-120.13,NaN,"AQUE"
"2024-03-01T09:00:00Z",34.48,-120.12,NaN,"AQUE"
"2024-03-01T09:00:00Z",34.48,-120.11,NaN,"AQUE"
"2024-03-02T09:00:00Z",34.46,-120.13,14.933,"AQUE"
"2024-03-02T09:00:00Z",34.46,-120.12,14.939,"AQUE"
"2024-03-02T09:00:00Z",34.46,-120.11,14.944,"AQUE"
"2024-03-02T09:00:00Z",34.47,-120.13,14.935,"AQUE"
"2024-03-02T09:00:00Z",34.47,-120.12,14.942,"AQUE"
"2024-03-02T09:00:00Z",34.47,-120.11,NaN,"AQUE"
"2024-03-02T09:00:00Z",34.48,-120.13,NaN,"AQUE"
"2024-03-02T09:00:00Z",34.48,-120.12,NaN,"AQUE"
"2024-03-02T09:00:00Z",34.48,-120.11,NaN,"AQUE"
"2024-03-03T09:00:00Z",34.46,-120.13,14.133,"AQUE"
"2024-03-03T09:00:00Z",34.46,-120.12,14.137,"AQUE"
"2024-03-03T09:00:00Z",34.46,-120.11,14.142,"AQUE"
"2024-03-03T09:00:00Z",34.47,-120.13,14.131,"AQUE"
"2024-03-03T09:00:00Z",34.47,-120.12,14.136,"AQUE"
"2024-03-03T09:00:00Z",34.47,-120.11,NaN,"AQUE"
"2024-03-03T09:00:00Z",34.48,-120.13,NaN,"AQUE"
"2024-03-03T09:00:00Z",34.48,-120.12,NaN,"AQUE"
"2024-03-03T09:00:00Z",34.48,-120.11,NaN,"AQUE"
"2024-03-04T09:00:00Z",34.46,-120.13,13.741,"AQUE"
"2024-03-04T09:00:00Z",34.46,-120.12,13.743,"AQUE"
"2024-03-04T09:00:00Z",34.46,-120.11,13.746,"AQUE"
"2024-03-04T09:00:00Z",34.47,-120.13,13.746,"AQUE"
"2024-03-04T09:00:00Z",34.47,-120.12,13.749,"AQUE"
"2024-03-04T09:00:00Z",34.47,-120.11,NaN,"AQUE"
"2024-03-04T09:00:00Z",34.48,-120.13,NaN,"AQUE"
"2024-03-04T09:00:00Z",34.48,-120.12,NaN,"AQUE"
"2024-03-04T09:00:00Z",34.48,-120.11,NaN,"AQUE"
"2024-03-05T09:00:00Z",34.46,-120.13,13.571,"AQUE"
"2024-03-05T09:00:00Z",34.46,-120.12,13.569,"AQUE"
"2024-03-05T09:00:00Z",34.46,-120.11,13.568,"AQUE"
"2024-03-05T09:00:00Z",34.47,-120.13,13.57,"AQUE"
"2024-03-05T09:00:00Z",34.47,-120.12,13.57,"AQUE"
"2024-03-05T09:00:00Z",34.47,-120.11,NaN,"AQUE"
"2024-03-05T09:00:00Z",34.48,-120.13,NaN,"AQUE"
"2024-03-05T09:00:00Z",34.48,-120.12,NaN,"AQUE"
"2024-03-05T09:00:00Z",34.48,-120.11,NaN,"AQUE"
"2024-03-06T09:00:00Z",34.46,-120.13,13.628,"AQUE"
"2024-03-06T09:00:00Z",34.46,-120.12,13.633,"AQUE"
"2024-03-06T09:00:00Z",34.46,-120.11,13.639,"AQUE"
"2024-03-06T09:00:00Z",34.47,-120.13,13.632,"AQUE"
"2024-03-06T09:00:00Z",34.47,-120.12,13.637,"AQUE"
"2024-03-06T09:00:00Z",34.47,-120.11,NaN,"AQUE"
"2024-03-06T09:00:00Z",34.48,-120.13,NaN,"AQUE"
"2024-03-06T09:00:00Z",34.48,-120.12,NaN,"AQUE"
"2024-03-06T09:00:00Z",34.48,-120.11,NaN,"AQUE"
"2024-03-07T09:00:00Z",34.46,-120.13,13.653,"AQUE"
"2024-03-07T09:00:00Z",34.46,-120.12,13.678,"AQUE"
"2024-03-07T09:00:00Z",34.46,-120.11,13.705,"AQUE"
"2024-03-07T09:00:00Z",34.47,-120.13,13.657,"AQUE"
"2024-03-07T09:00:00Z",34.47,-120.12,13.678,"AQUE"
"2024-03-07T09:00:00Z",34.47,-120.11,NaN,"AQUE"
"2024-03-07T09:00:00Z",34.48,-120.13,NaN,"AQUE"
"2024-03-07T09:00:00Z",34.48,-120.12,NaN,"AQUE"
"2024-03-07T09:00:00Z",34.48,-120.11,NaN,"AQUE"
"2024-03-08T09:00:00Z",34.46,-120.13,13.629,"AQUE"
"2024-03-08T09:00:00Z",34.46,-120.12,13.651,"AQUE"
"2024-03-08T09:00:00Z",34.46,-120.11,13.672,"AQUE"
"2024-03-08T09:00:00Z",34.47,-120.13,13.63,"AQUE"
"2024-03-08T09:00:00Z",34.47,-120.12,13.65,"AQUE"
"2024-03-08T09:00:00Z",34.47,-120.11,NaN,"AQUE"
"2024-03-08T09:00:00Z",34.48,-120.13,NaN,"AQUE"
"2024-03-08T09:00:00Z",34.48,-120.12,NaN,"AQUE"
"2024-03-08T09:00:00Z",34.48,-120.11,NaN,"AQUE"
"2024-03-09T09:00:00Z",34.46,-120.13,13.803,"AQUE"
"2024-03-09T09:00:00Z",34.46,-120.12,13.851,"AQUE"
"2024-03-09T09:00:00Z",34.46,-120.11,13.893,"AQUE"
"2024-03-09T09:00:00Z",34.47,-120.13,13.767,"AQUE"
"2024-03-09T09:00:00Z",34.47,-120.12,13.811,"AQUE"
"2024-03-09T09:00:00Z",34.47,-120.11,NaN,"AQUE"
"2024-03-09T09:00:00Z",34.48,-120.13,NaN,"AQUE"
"2024-03-09T09:00:00Z",34.48,-120.12,NaN,"AQUE"
"2024-03-09T09:00:00Z",34.48,-120.11,NaN,"AQUE"
"2024-03-10T09:00:00Z",34.46,-120.13,14.086,"AQUE"
"2024-03-10T09:00:00Z",34.46,-120.12,14.094,"AQUE"
"2024-03-10T09:00:00Z",34.46,-120.11,14.091,"AQUE"
"2024-03-10T09:00:00Z",34.47,-120.13,14.025,"AQUE"
"2024-03-10T09:00:00Z",34.47,-120.12,14.041,"AQUE"
"2024-03-10T09:00:00Z",34.47,-120.11,NaN,"AQUE"
"2024-03-10T09:00:00Z",34.48,-120.13,NaN,"AQUE"
"2024-03-10T09:00:00Z",34.48,-120.12,NaN,"AQUE"
"2024-03-10T09:00:00Z",34.48,-120.11,NaN,"AQUE"
"2024-03-11T09:00:00Z",34.46,-120.13,14.091,"AQUE"
"2024-03-11T09:00:00Z",34.46,-120.12,14.115,"AQUE"
"2024-03-11T09:00:00Z",34.46,-120.11,14.132,"AQUE"
"2024-03-11T09:00:00Z",34.47,-120.13,14.042,"AQUE"
"2024-03-11T09:00:00Z",34.47,-120.12,14.069,"AQUE"
"2024-03-11T09:00:00Z",34.47,-120.11,NaN,"AQUE"
"2024-03-11T09:00:00Z",34.48,-120.13,NaN,"AQUE"
"2024-03-11T09:00:00Z",34.48,-120.12,NaN,"AQUE"
"2024-03-11T09:00:00Z",34.48,-120.11,NaN,"AQUE"
"2024-03-12T09:00:00Z",34.46,-120.13,13.556,"AQUE"
"2024-03-12T09:00:00Z",34.46,-120.12,13.577,"AQUE"
"2024-03-12T09:00:00Z",34.46,-120.11,13.599,"AQUE"
"2024-03-12T09:00:00Z",34.47,-120.13,13.546,"AQUE"
"2024-03-12T09:00:00Z",34.47,-120.12,13.566,"AQUE"
"2024-03-12T09:00:00Z",34.47,-120.11,NaN,"AQUE"
"2024-03-12T09:00:00Z",34.48,-120.13,NaN,"AQUE"
"2024-03-12T09:00:00Z",34.48,-120.12,NaN,"AQUE"
"2024-03-12T09:00:00Z",34.48,-120.11,NaN,"AQUE"
"2024-03-13T09:00:00Z",34.46,-120.13,12.842,"AQUE"
"2024-03-13T09:00:00Z",34.46,-120.12,12.866,"AQUE"
"2024-03-13T09:00:00Z",34.46,-120.11,12.891,"AQUE"
"2024-03-13T09:00:00Z",34.47,-120.13,12.826,"AQUE"
"2024-03-13T09:00:00Z",34.47,-120.12,12.852,"AQUE"
"2024-03-13T09:00:00Z",34.47,-120.11,NaN,"AQUE"
"2024-03-13T09:00:00Z",34.48,-120.13,NaN,"AQUE"
"2024-03-13T09:00:00Z",34.48,-120.12,NaN,"AQUE"
"2024-03-13T09:00:00Z",34.48,-120.11,NaN,"AQUE"
"2024-03-14T09:00:00Z",34.46,-120.13,12.784,"AQUE"
"2024-03-14T09:00:00Z",34.46,-120.12,12.794,"AQUE"
"2024-03-14T09:00:00Z",34.46,-120.11,12.801,"AQUE"
"2024-03-14T09:00:00Z",34.47,-120.13,12.736,"AQUE"
"2024-03-14T09:00:00Z",34.47,-120.12,12.753,"AQUE"
"2024-03-14T09:00:00Z",34.47,-120.11,NaN,"AQUE"
"2024-03-14T09:00:00Z",34.48,-120.13,NaN,"AQUE"
"2024-03-14T09:00:00Z",34.48,-120.12,NaN,"AQUE"
"2024-03-14T09:00:00Z",34.48,-120.11,NaN,"AQUE"
"2024-03-15T09:00:00Z",34.46,-120.13,13.059,"AQUE"
"2024-03-15T09:00:00Z",34.46,-120.12,13.074,"AQUE"
"2024-03-15T09:00:00Z",34.46,-120.11,13.079,"AQUE"
"2024-03-15T09:00:00Z",34.47,-120.13,12.993,"AQUE"
"2024-03-15T09:00:00Z",34.47,-120.12,13.009,"AQUE"
"2024-03-15T09:00:00Z",34.47,-120.11,NaN,"AQUE"
"2024-03-15T09:00:00Z",34.48,-120.13,NaN,"AQUE"
"2024-03-15T09:00:00Z",34.48,-120.12,NaN,"AQUE"
"2024-03-15T09:00:00Z",34.48,-120.11,NaN,"AQUE"
"2024-03-16T09:00:00Z",34.46,-120.13,13.326,"AQUE"
"2024-03-16T09:00:00Z",34.46,-120.12,13.333,"AQUE"
"2024-03-16T09:00:00Z",34.46,-120.11,13.342,"AQUE"
"2024-03-16T09:00:00Z",34.47,-120.13,13.298,"AQUE"
"2024-03-16T09:00:00Z",34.47,-120.12,13.305,"AQUE"
"2024-03-16T09:00:00Z",34.47,-120.11,NaN,"AQUE"
"2024-03-16T09:00:00Z",34.48,-120.13,NaN,"AQUE"
"2024-03-16T09:00:00Z",34.48,-120.12,NaN,"AQUE"
"2024-03-16T09:00:00Z",34.48,-120.11,NaN,"AQUE"
"2024-01-01T09:00:00Z",34.38,-119.73,15.604,"MOHK"
"2024-01-01T09:00:00Z",34.38,-119.72,15.636,"MOHK"
"2024-01-01T09:00:00Z",34.39,-119.74,15.572,"MOHK"
"2024-01-01T09:00:00Z",34.39,-119.73,15.6,"MOHK"
"2024-01-01T09:00:00Z",34.39,-119.72,15.628,"MOHK"
"2024-01-01T09:00:00Z",34.4,-119.74,NaN,"MOHK"
"2024-01-01T09:00:00Z",34.4,-119.73,NaN,"MOHK"
"2024-01-01T09:00:00Z",34.4,-119.72,NaN,"MOHK"
"2024-01-02T09:00:00Z",34.38,-119.74,15.858,"MOHK"
"2024-01-02T09:00:00Z",34.38,-119.73,15.865,"MOHK"
"2024-01-02T09:00:00Z",34.38,-119.72,15.885,"MOHK"
"2024-01-02T09:00:00Z",34.39,-119.74,15.866,"MOHK"
"2024-01-02T09:00:00Z",34.39,-119.73,15.869,"MOHK"
"2024-01-02T09:00:00Z",34.39,-119.72,15.884,"MOHK"
"2024-01-02T09:00:00Z",34.4,-119.74,NaN,"MOHK"
"2024-01-02T09:00:00Z",34.4,-119.73,NaN,"MOHK"
"2024-01-02T09:00:00Z",34.4,-119.72,NaN,"MOHK"
"2024-01-03T09:00:00Z",34.38,-119.74,15.949,"MOHK"
"2024-01-03T09:00:00Z",34.38,-119.73,15.948,"MOHK"
"2024-01-03T09:00:00Z",34.38,-119.72,15.949,"MOHK"
"2024-01-03T09:00:00Z",34.39,-119.74,15.942,"MOHK"
"2024-01-03T09:00:00Z",34.39,-119.73,15.94,"MOHK"
"2024-01-03T09:00:00Z",34.39,-119.72,15.941,"MOHK"
"2024-01-03T09:00:00Z",34.4,-119.74,NaN,"MOHK"
"2024-01-03T09:00:00Z",34.4,-119.73,NaN,"MOHK"
"2024-01-03T09:00:00Z",34.4,-119.72,NaN,"MOHK"
"2024-01-04T09:00:00Z",34.38,-119.74,15.54,"MOHK"
"2024-01-04T09:00:00Z",34.38,-119.73,15.542,"MOHK"
"2024-01-04T09:00:00Z",34.38,-119.72,15.539,"MOHK"
"2024-01-04T09:00:00Z",34.39,-119.74,15.473,"MOHK"
"2024-01-04T09:00:00Z",34.39,-119.73,15.476,"MOHK"
"2024-01-04T09:00:00Z",34.39,-119.72,15.475,"MOHK"
"2024-01-04T09:00:00Z",34.4,-119.74,NaN,"MOHK"
"2024-01-04T09:00:00Z",34.4,-119.73,NaN,"MOHK"
"2024-01-04T09:00:00Z",34.4,-119.72,NaN,"MOHK"
"2024-01-05T09:00:00Z",34.38,-119.74,15.198,"MOHK"
"2024-01-05T09:00:00Z",34.38,-119.73,15.211,"MOHK"
"2024-01-05T09:00:00Z",34.38,-119.72,15.221,"MOHK"
"2024-01-05T09:00:00Z",34.39,-119.74,15.109,"MOHK"
"2024-01-05T09:00:00Z",34.39,-119.73,15.126,"MOHK"
"2024-01-05T09:00:00Z",34.39,-119.72,15.138,"MOHK"
"2024-01-05T09:00:00Z",34.4,-119.74,NaN,"MOHK"
"2024-01-05T09:00:00Z",34.4,-119.73,NaN,"MOHK"
"2024-01-05T09:00:00Z",34.4,-119.72,NaN,"MOHK"
"2024-01-06T09:00:00Z",34.38,-119.74,14.899,"MOHK"
"2024-01-06T09:00:00Z",34.38,-119.73,14.937,"MOHK"
"2024-01-06T09:00:00Z",34.38,-119.72,14.978,"MOHK"
"2024-01-06T09:00:00Z",34.39,-119.74,14.85,"MOHK"
"2024-01-06T09:00:00Z",34.39,-119.73,14.893,"MOHK"
"2024-01-06T09:00:00Z",34.39,-119.72,14.935,"MOHK"
"2024-01-06T09:00:00Z",34.4,-119.74,NaN,"MOHK"
"2024-01-06T09:00:00Z",34.4,-119.73,NaN,"MOHK"
"2024-01-06T09:00:00Z",34.4,-119.72,NaN,"MOHK"
"2024-01-07T09:00:00Z",34.38,-119.74,14.493,"MOHK"
"2024-01-07T09:00:00Z",34.38,-119.73,14.514,"MOHK"
"2024-01-07T09:00:00Z",34.38,-119.72,14.534,"MOHK"
"2024-01-07T09:00:00Z",34.39,-119.74,14.448,"MOHK"
"2024-01-07T09:00:00Z",34.39,-119.73,14.469,"MOHK"
"2024-01-07T09:00:00Z",34.39,-119.72,14.491,"MOHK"
"2024-01-07T09:00:00Z",34.4,-119.74,NaN,"MOHK"
"2024-01-07T09:00:00Z",34.4,-119.73,NaN,"MOHK"
"2024-01-07T09:00:00Z",34.4,-119.72,NaN,"MOHK"
"2024-01-08T09:00:00Z",34.38,-119.74,14.021,"MOHK"
"2024-01-08T09:00:00Z",34.38,-119.73,14.052,"MOHK"
"2024-01-08T09:00:00Z",34.38,-119.72,14.095,"MOHK"
"2024-01-08T09:00:00Z",34.39,-119.74,13.985,"MOHK"
"2024-01-08T09:00:00Z",34.39,-119.73,14.015,"MOHK"
"2024-01-08T09:00:00Z",34.39,-119.72,14.053,"MOHK"
"2024-01-08T09:00:00Z",34.4,-119.74,NaN,"MOHK"
"2024-01-08T09:00:00Z",34.4,-119.73,NaN,"MOHK"
"2024-01-08T09:00:00Z",34.4,-119.72,NaN,"MOHK"
"2024-01-09T09:00:00Z",34.38,-119.74,14.011,"MOHK"
"2024-01-09T09:00:00Z",34.38,-119.73,14.056,"MOHK"
"2024-01-09T09:00:00Z",34.38,-119.72,14.112,"MOHK"
"2024-01-09T09:00:00Z",34.39,-119.74,13.976,"MOHK"
"2024-01-09T09:00:00Z",34.39,-119.73,14.015,"MOHK"
"2024-01-09T09:00:00Z",34.39,-119.72,14.062,"MOHK"
"2024-01-09T09:00:00Z",34.4,-119.74,NaN,"MOHK"
"2024-01-09T09:00:00Z",34.4,-119.73,NaN,"MOHK"
"2024-01-09T09:00:00Z",34.4,-119.72,NaN,"MOHK"
"2024-01-10T09:00:00Z",34.38,-119.74,14.191,"MOHK"
"2024-01-10T09:00:00Z",34.38,-119.73,14.177,"MOHK"
"2024-01-10T09:00:00Z",34.38,-119.72,14.16,"MOHK"
"2024-01-10T09:00:00Z",34.39,-119.74,14.117,"MOHK"
"2024-01-10T09:00:00Z",34.39,-119.73,14.103,"MOHK"
"2024-01-10T09:00:00Z",34.39,-119.72,14.085,"MOHK"
"2024-01-10T09:00:00Z",34.4,-119.74,NaN,"MOHK"
"2024-01-10T09:00:00Z",34.4,-119.73,NaN,"MOHK"
"2024-01-10T09:00:00Z",34.4,-119.72,NaN,"MOHK"
"2024-01-11T09:00:00Z",34.38,-119.74,13.727,"MOHK"
"2024-01-11T09:00:00Z",34.38,-119.73,13.697,"MOHK"
"2024-01-11T09:00:00Z",34.38,-119.72,13.673,"MOHK"
"2024-01-11T09:00:00Z",34.39,-119.74,13.709,"MOHK"
"2024-01-11T09:00:00Z",34.39,-119.73,13.675,"MOHK"
"2024-01-11T09:00:00Z",34.39,-119.72,13.646,"MOHK"
"2024-01-11T09:00:00Z",34.4,-119.74,NaN,"MOHK"
"2024-01-11T09:00:00Z",34.4,-119.73,NaN,"MOHK"
"2024-01-11T09:00:00Z",34.4,-119.72,NaN,"MOHK"
"2024-01-12T09:00:00Z",34.38,-119.74,12.942,"MOHK"
"2024-01-12T09:00:00Z",34.38,-119.73,12.977,"MOHK"
"2024-01-12T09:00:00Z",34.38,-119.72,13.02,"MOHK"
"2024-01-12T09:00:00Z",34.39,-119.74,12.923,"MOHK"
"2024-01-12T09:00:00Z",34.39,-119.73,12.95,"MOHK"
"2024-01-12T09:00:00Z",34.39,-119.72,12.981,"MOHK"
"2024-01-12T09:00:00Z",34.4,-119.74,NaN,"MOHK"
"2024-01-12T09:00:00Z",34.4,-119.73,NaN,"MOHK"
"2024-01-12T09:00:00Z",34.4,-119.72,NaN,"MOHK"
"2024-01-13T09:00:00Z",34.38,-119.74,13.132,"MOHK"
"2024-01-13T09:00:00Z",34.38,-119.73,13.138,"MOHK"
"2024-01-13T09:00:00Z",34.38,-119.72,13.144,"MOHK"
"2024-01-13T09:00:00Z",34.39,-119.74,13.096,"MOHK"
"2024-01-13T09:00:00Z",34.39,-119.73,13.1,"MOHK"
"2024-01-13T09:00:00Z",34.39,-119.72,13.103,"MOHK"
"2024-01-13T09:00:00Z",34.4,-119.74,NaN,"MOHK"
"2024-01-13T09:00:00Z",34.4,-119.73,NaN,"MOHK"
"2024-01-13T09:00:00Z",34.4,-119.72,NaN,"MOHK"
"2024-01-14T09:00:00Z",34.38,-119.74,13.216,"MOHK"
"2024-01-14T09:00:00Z",34.38,-119.73,13.227,"MOHK"
"2024-01-14T09:00:00Z",34.38,-119.72,13.244,"MOHK"
"2024-01-14T09:00:00Z",34.39,-119.74,13.164,"MOHK"
"2024-01-14T09:00:00Z",34.39,-119.73,13.181,"MOHK"
"2024-01-14T09:00:00Z",34.39,-119.72,13.202,"MOHK"
"2024-01-14T09:00:00Z",34.4,-119.74,NaN,"MOHK"
"2024-01-14T09:00:00Z",34.4,-119.73,NaN,"MOHK"
"2024-01-14T09:00:00Z",34.4,-119.72,NaN,"MOHK"
"2024-01-15T09:00:00Z",34.38,-119.74,13.395,"MOHK"
"2024-01-15T09:00:00Z",34.38,-119.73,13.387,"MOHK"
"2024-01-15T09:00:00Z",34.38,-119.72,13.385,"MOHK"
"2024-01-15T09:00:00Z",34.39,-119.74,13.366,"MOHK"
"2024-01-15T09:00:00Z",34.39,-119.73,13.36,"MOHK"
"2024-01-15T09:00:00Z",34.39,-119.72,13.358,"MOHK"
"2024-01-15T09:00:00Z",34.4,-119.74,NaN,"MOHK"
"2024-01-15T09:00:00Z",34.4,-119.73,NaN,"MOHK"
"2024-01-15T09:00:00Z",34.4,-119.72,NaN,"MOHK"
"2024-01-16T09:00:00Z",34.38,-119.74,13.695,"MOHK"
"2024-01-16T09:00:00Z",34.38,-119.73,13.68,"MOHK"
"2024-01-16T09:00:00Z",34.38,-119.72,13.666,"MOHK"
"2024-01-16T09:00:00Z",34.39,-119.74,13.679,"MOHK"
"2024-01-16T09:00:00Z",34.39,-119.73,13.663,"MOHK"
"2024-01-16T09:00:00Z",34.39,-119.72,13.648,"MOHK"
"2024-01-16T09:00:00Z",34.4,-119.74,NaN,"MOHK"
"2024-01-16T09:00:00Z",34.4,-119.73,NaN,"MOHK"
"2024-01-16T09:00:00Z",34.4,-119.72,NaN,"MOHK"
"2024-01-17T09:00:00Z",34.38,-119.74,13.68,"MOHK"
"2024-01-17T09:00:00Z",34.38,-119.73,13.68,"MOHK"
"2024-01-17T09:00:00Z",34.38,-119.72,13.68,"MOHK"
"2024-01-17T09:00:00Z",34.39,-119.74,13.669,"MOHK"
"2024-01-17T09:00:00Z",34.39,-119.73,13.669,"MOHK"
"2024-01-17T09:00:00Z",34.39,-119.72,13.668,"MOHK"
"2024-01-17T09:00:00Z",34.4,-119.74,NaN,"MOHK"
"2024-01-17T09:00:00Z",34.4,-119.73,NaN,"MOHK"
"2024-01-17T09:00:00Z",34.4,-119.72,NaN,"MOHK"
"2024-01-18T09:00:00Z",34.38,-119.74,13.432,"MOHK"
"2024-01-18T09:00:00Z",34.38,-119.73,13.442,"MOHK"
"2024-01-18T09:00:00Z",34.38,-119.72,13.451,"MOHK"
"2024-01-18T09:00:00Z",34.39,-119.74,13.42,"MOHK"
"2024-01-18T09:00:00Z",34.39,-119.73,13.43,"MOHK"
"2024-01-18T09:00:00Z",34.39,-119.72,13.439,"MOHK"
"2024-01-18T09:00:00Z",34.4,-119.74,NaN,"MOHK"
"2024-01-18T09:00:00Z",34.4,-119.73,NaN,"MOHK"
"2024-01-18T09:00:00Z",34.4,-119.72,NaN,"MOHK"
"2024-01-19T09:00:00Z",34.38,-119.74,13.582,"MOHK"
"2024-01-19T09:00:00Z",34.38,-119.73,13.59,"MOHK"
"2024-01-19T09:00:00Z",34.38,-119.72,13.597,"MOHK"
"2024-01-19T09:00:00Z",34.39,-119.74,13.569,"MOHK"
"2024-01-19T09:00:00Z",34.39,-119.73,13.576,"MOHK"
"2024-01-19T09:00:00Z",34.39,-119.72,13.583,"MOHK"
"2024-01-19T09:00:00Z",34.4,-119.74,NaN,"MOHK"
"2024-01-19T09:00:00Z",34.4,-119.73,NaN,"MOHK"
"2024-01-19T09:00:00Z",34.4,-119.72,NaN,"MOHK"
"2024-01-20T09:00:00Z",34.38,-119.74,13.959,"MOHK"
"2024-01-20T09:00:00Z",34.38,-119.73,13.966,"MOHK"
"2024-01-20T09:00:00Z",34.38,-119.72,13.973,"MOHK"
"2024-01-20T09:00:00Z",34.39,-119.74,13.94,"MOHK"
"2024-01-20T09:00:00Z",34.39,-119.73,13.947,"MOHK"
"2024-01-20T09:00:00Z",34.39,-119.72,13.954,"MOHK"
"2024-01-20T09:00:00Z",34.4,-119.74,NaN,"MOHK"
"2024-01-20T09:00:00Z",34.4,-119.73,NaN,"MOHK"
"2024-01-20T09:00:00Z",34.4,-119.72,NaN,"MOHK"
"2024-01-21T09:00:00Z",34.38,-119.74,13.943,"MOHK"
"2024-01-21T09:00:00Z",34.38,-119.73,13.948,"MOHK"
"2024-01-21T09:00:00Z",34.38,-119.72,13.953,"MOHK"
"2024-01-21T09:00:00Z",34.39,-119.74,13.927,"MOHK"
"2024-01-21T09:00:00Z",34.39,-119.73,13.933,"MOHK"
"2024-01-21T09:00:00Z",34.39,-119.72,13.938,"MOHK"
"2024-01-21T09:00:00Z",34.4,-119.74,NaN,"MOHK"
"2024-01-21T09:00:00Z",34.4,-119.73,NaN,"MOHK"
"2024-01-21T09:00:00Z",34.4,-119.72,NaN,"MOHK"
"2024-01-22T09:00:00Z",34.38,-119.74,14.156,"MOHK"
"2024-01-22T09:00:00Z",34.38,-119.73,14.151,"MOHK"
"2024-01-22T09:00:00Z",34.38,-119.72,14.146,"MOHK"
"2024-01-22T09:00:00Z",34.39,-119.74,14.152,"MOHK"
"2024-01-22T09:00:00Z",34.39,-119.73,14.147,"MOHK"
"2024-01-22T09:00:00Z",34.39,-119.72,14.142,"MOHK"
"2024-01-22T09:00:00Z",34.4,-119.74,NaN,"MOHK"
"2024-01-22T09:00:00Z",34.4,-119.73,NaN,"MOHK"
"2024-01-22T09:00:00Z",34.4,-119.72,NaN,"MOHK"
"2024-01-23T09:00:00Z",34.38,-119.74,14.307,"MOHK"
"2024-01-23T09:00:00Z",34.38,-119.73,14.285,"MOHK"
"2024-01-23T09:00:00Z",34.38,-119.72,14.261,"MOHK"
"2024-01-23T09:00:00Z",34.39,-119.74,14.314,"MOHK"
"2024-01-23T09:00:00Z",34.39,-119.73,14.295,"MOHK"
"2024-01-23T09:00:00Z",34.39,-119.72,14.273,"MOHK"
"2024-01-23T09:00:00Z",34.4,-119.74,NaN,"MOHK"
"2024-01-23T09:00:00Z",34.4,-119.73,NaN,"MOHK"
"2024-01-23T09:00:00Z",34.4,-119.72,NaN,"MOHK"
"2024-01-24T09:00:00Z",34.38,-119.74,14.899,"MOHK"
"2024-01-24T09:00:00Z",34.38,-119.73,14.907,"MOHK"
"2024-01-24T09:00:00Z",34.38,-119.72,14.921,"MOHK"
"2024-01-24T09:00:00Z",34.39,-119.74,14.898,"MOHK"
"2024-01-24T09:00:00Z",34.39,-119.73,14.905,"MOHK"
"2024-01-24T09:00:00Z",34.39,-119.72,14.917,"MOHK"
"2024-01-24T09:00:00Z",34.4,-119.74,NaN,"MOHK"
"2024-01-24T09:00:00Z",34.4,-119.73,NaN,"MOHK"
"2024-01-24T09:00:00Z",34.4,-119.72,NaN,"MOHK"
"2024-01-25T09:00:00Z",34.38,-119.74,15.04,"MOHK"
"2024-01-25T09:00:00Z",34.38,-119.73,15.059,"MOHK"
"2024-01-25T09:00:00Z",34.38,-119.72,15.08,"MOHK"
"2024-01-25T09:00:00Z",34.39,-119.74,15.027,"MOHK"
"2024-01-25T09:00:00Z",34.39,-119.73,15.046,"MOHK"
"2024-01-25T09:00:00Z",34.39,-119.72,15.066,"MOHK"
"2024-01-25T09:00:00Z",34.4,-119.74,NaN,"MOHK"
"2024-01-25T09:00:00Z",34.4,-119.73,NaN,"MOHK"
"2024-01-25T09:00:00Z",34.4,-119.72,NaN,"MOHK"
"2024-01-26T09:00:00Z",34.38,-119.74,15.071,"MOHK"
"2024-01-26T09:00:00Z",34.38,-119.73,15.091,"MOHK"
"2024-01-26T09:00:00Z",34.38,-119.72,15.119,"MOHK"
"2024-01-26T09:00:00Z",34.39,-119.74,15.063,"MOHK"
"2024-01-26T09:00:00Z",34.39,-119.73,15.083,"MOHK"
"2024-01-26T09:00:00Z",34.39,-119.72,15.109,"MOHK"
"2024-01-26T09:00:00Z",34.4,-119.74,NaN,"MOHK"
"2024-01-26T09:00:00Z",34.4,-119.73,NaN,"MOHK"
"2024-01-26T09:00:00Z",34.4,-119.72,NaN,"MOHK"
"2024-01-27T09:00:00Z",34.38,-119.74,14.834,"MOHK"
"2024-01-27T09:00:00Z",34.38,-119.73,14.853,"MOHK"
"2024-01-27T09:00:00Z",34.38,-119.72,14.874,"MOHK"
"2024-01-27T09:00:00Z",34.39,-119.74,14.84,"MOHK"
"2024-01-27T09:00:00Z",34.39,-119.73,14.858,"MOHK"
"2024-01-27T09:00:00Z",34.39,-119.72,14.878,"MOHK"
"2024-01-27T09:00:00Z",34.4,-119.74,NaN,"MOHK"
"2024-01-27T09:00:00Z",34.4,-119.73,NaN,"MOHK"
"2024-01-27T09:00:00Z",34.4,-119.72,NaN,"MOHK"
"2024-01-28T09:00:00Z",34.38,-119.74,15.437,"MOHK"
"2024-01-28T09:00:00Z",34.38,-119.73,15.459,"MOHK"
"2024-01-28T09:00:00Z",34.38,-119.72,15.479,"MOHK"
"2024-01-28T09:00:00Z",34.39,-119.74,15.437,"MOHK"
"2024-01-28T09:00:00Z",34.39,-119.73,15.457,"MOHK"
"2024-01-28T09:00:00Z",34.39,-119.72,15.477,"MOHK"
"2024-01-28T09:00:00Z",34.4,-119.74,NaN,"MOHK"
"2024-01-28T09:00:00Z",34.4,-119.73,NaN,"MOHK"
"2024-01-28T09:00:00Z",34.4,-119.72,NaN,"MOHK"
"2024-01-29T09:00:00Z",34.38,-119.74,15.566,"MOHK"
"2024-01-29T09:00:00Z",34.38,-119.73,15.6,"MOHK"
"2024-01-29T09:00:00Z",34.38,-119.72,15.627,"MOHK"
"2024-01-29T09:00:00Z",34.39,-119.74,15.522,"MOHK"
"2024-01-29T09:00:00Z",34.39,-119.73,15.559,"MOHK"
"2024-01-29T09:00:00Z",34.39,-119.72,15.589,"MOHK"
"2024-01-29T09:00:00Z",34.4,-119.74,NaN,"MOHK"
"2024-01-29T09:00:00Z",34.4,-119.73,NaN,"MOHK"
"2024-01-29T09:00:00Z",34.4,-119.72,NaN,"MOHK"
"2024-01-30T09:00:00Z",34.38,-119.74,15.587,"MOHK"
"2024-01-30T09:00:00Z",34.38,-119.73,15.602,"MOHK"
"2024-01-30T09:00:00Z",34.38,-119.72,15.611,"MOHK"
"2024-01-30T09:00:00Z",34.39,-119.74,15.559,"MOHK"
"2024-01-30T09:00:00Z",34.39,-119.73,15.576,"MOHK"
"2024-01-30T09:00:00Z",34.39,-119.72,15.589,"MOHK"
"2024-01-30T09:00:00Z",34.4,-119.74,NaN,"MOHK"
"2024-01-30T09:00:00Z",34.4,-119.73,NaN,"MOHK"
"2024-01-30T09:00:00Z",34.4,-119.72,NaN,"MOHK"
"2024-01-31T09:00:00Z",34.38,-119.74,15.397,"MOHK"
"2024-01-31T09:00:00Z",34.38,-119.73,15.402,"MOHK"
"2024-01-31T09:00:00Z",34.38,-119.72,15.406,"MOHK"
"2024-01-31T09:00:00Z",34.39,-119.74,15.382,"MOHK"
"2024-01-31T09:00:00Z",34.39,-119.73,15.388,"MOHK"
"2024-01-31T09:00:00Z",34.39,-119.72,15.392,"MOHK"
"2024-01-31T09:00:00Z",34.4,-119.74,NaN,"MOHK"
"2024-01-31T09:00:00Z",34.4,-119.73,NaN,"MOHK"
"2024-01-31T09:00:00Z",34.4,-119.72,NaN,"MOHK"
"2024-02-01T09:00:00Z",34.38,-119.74,15.006,"MOHK"
"2024-02-01T09:00:00Z",34.38,-119.73,15.008,"MOHK"
"2024-02-01T09:00:00Z",34.38,-119.72,15.008,"MOHK"
"2024-02-01T09:00:00Z",34.39,-119.74,14.993,"MOHK"
"2024-02-01T09:00:00Z",34.39,-119.73,14.995,"MOHK"
"2024-02-01T09:00:00Z",34.39,-119.72,14.996,"MOHK"
"2024-02-01T09:00:00Z",34.4,-119.74,NaN,"MOHK"
"2024-02-01T09:00:00Z",34.4,-119.73,NaN,"MOHK"
"2024-02-01T09:00:00Z",34.4,-119.72,NaN,"MOHK"
"2024-02-01T09:00:00Z",34.38,-119.73,15.008,"MOHK"
"2024-02-01T09:00:00Z",34.38,-119.72,15.008,"MOHK"
"2024-02-01T09:00:00Z",34.39,-119.74,14.993,"MOHK"
"2024-02-01T09:00:00Z",34.39,-119.73,14.995,"MOHK"
"2024-02-01T09:00:00Z",34.39,-119.72,14.996,"MOHK"
"2024-02-01T09:00:00Z",34.4,-119.74,NaN,"MOHK"
"2024-02-01T09:00:00Z",34.4,-119.73,NaN,"MOHK"
"2024-02-01T09:00:00Z",34.4,-119.72,NaN,"MOHK"
"2024-02-02T09:00:00Z",34.38,-119.74,15.063,"MOHK"
"2024-02-02T09:00:00Z",34.38,-119.73,15.063,"MOHK"
"2024-02-02T09:00:00Z",34.38,-119.72,15.062,"MOHK"
"2024-02-02T09:00:00Z",34.39,-119.74,15.057,"MOHK"
"2024-02-02T09:00:00Z",34.39,-119.73,15.058,"MOHK"
"2024-02-02T09:00:00Z",34.39,-119.72,15.058,"MOHK"
"2024-02-02T09:00:00Z",34.4,-119.74,NaN,"MOHK"
"2024-02-02T09:00:00Z",34.4,-119.73,NaN,"MOHK"
"2024-02-02T09:00:00Z",34.4,-119.72,NaN,"MOHK"
"2024-02-03T09:00:00Z",34.38,-119.74,15.044,"MOHK"
"2024-02-03T09:00:00Z",34.38,-119.73,15.028,"MOHK"
"2024-02-03T09:00:00Z",34.38,-119.72,15.013,"MOHK"
"2024-02-03T09:00:00Z",34.39,-119.74,15.01,"MOHK"
"2024-02-03T09:00:00Z",34.39,-119.73,14.997,"MOHK"
"2024-02-03T09:00:00Z",34.39,-119.72,14.984,"MOHK"
"2024-02-03T09:00:00Z",34.4,-119.74,NaN,"MOHK"
"2024-02-03T09:00:00Z",34.4,-119.73,NaN,"MOHK"
"2024-02-03T09:00:00Z",34.4,-119.72,NaN,"MOHK"
"2024-02-04T09:00:00Z",34.38,-119.74,14.998,"MOHK"
"2024-02-04T09:00:00Z",34.38,-119.73,14.995,"MOHK"
"2024-02-04T09:00:00Z",34.38,-119.72,14.99,"MOHK"
"2024-02-04T09:00:00Z",34.39,-119.74,14.975,"MOHK"
"2024-02-04T09:00:00Z",34.39,-119.73,14.973,"MOHK"
"2024-02-04T09:00:00Z",34.39,-119.72,14.969,"MOHK"
"2024-02-04T09:00:00Z",34.4,-119.74,NaN,"MOHK"
"2024-02-04T09:00:00Z",34.4,-119.73,NaN,"MOHK"
"2024-02-04T09:00:00Z",34.4,-119.72,NaN,"MOHK"
"2024-02-05T09:00:00Z",34.38,-119.74,14.578,"MOHK"
"2024-02-05T09:00:00Z",34.38,-119.73,14.596,"MOHK"
"2024-02-05T09:00:00Z",34.38,-119.72,14.615,"MOHK"
"2024-02-05T09:00:00Z",34.39,-119.74,14.58,"MOHK"
"2024-02-05T09:00:00Z",34.39,-119.73,14.598,"MOHK"
"2024-02-05T09:00:00Z",34.39,-119.72,14.615,"MOHK"
"2024-02-05T09:00:00Z",34.4,-119.74,NaN,"MOHK"
"2024-02-05T09:00:00Z",34.4,-119.73,NaN,"MOHK"
"2024-02-05T09:00:00Z",34.4,-119.72,NaN,"MOHK"
"2024-02-06T09:00:00Z",34.38,-119.74,14.206,"MOHK"
"2024-02-06T09:00:00Z",34.38,-119.73,14.21,"MOHK"
"2024-02-06T09:00:00Z",34.38,-119.72,14.215,"MOHK"
"2024-02-06T09:00:00Z",34.39,-119.74,14.214,"MOHK"
"2024-02-06T09:00:00Z",34.39,-119.73,14.218,"MOHK"
"2024-02-06T09:00:00Z",34.39,-119.72,14.221,"MOHK"
"2024-02-06T09:00:00Z",34.4,-119.74,NaN,"MOHK"
"2024-02-06T09:00:00Z",34.4,-119.73,NaN,"MOHK"
"2024-02-06T09:00:00Z",34.4,-119.72,NaN,"MOHK"
"2024-02-07T09:00:00Z",34.38,-119.74,14.365,"MOHK"
"2024-02-07T09:00:00Z",34.38,-119.73,14.363,"MOHK"
"2024-02-07T09:00:00Z",34.38,-119.72,14.36,"MOHK"
"2024-02-07T09:00:00Z",34.39,-119.74,14.37,"MOHK"
"2024-02-07T09:00:00Z",34.39,-119.73,14.366,"MOHK"
"2024-02-07T09:00:00Z",34.39,-119.72,14.36,"MOHK"
"2024-02-07T09:00:00Z",34.4,-119.74,NaN,"MOHK"
"2024-02-07T09:00:00Z",34.4,-119.73,NaN,"MOHK"
"2024-02-07T09:00:00Z",34.4,-119.72,NaN,"MOHK"
"2024-02-08T09:00:00Z",34.38,-119.74,14.595,"MOHK"
"2024-02-08T09:00:00Z",34.38,-119.73,14.597,"MOHK"
"2024-02-08T09:00:00Z",34.38,-119.72,14.601,"MOHK"
"2024-02-08T09:00:00Z",34.39,-119.74,14.579,"MOHK"
"2024-02-08T09:00:00Z",34.39,-119.73,14.582,"MOHK"
"2024-02-08T09:00:00Z",34.39,-119.72,14.587,"MOHK"
"2024-02-08T09:00:00Z",34.4,-119.74,NaN,"MOHK"
"2024-02-08T09:00:00Z",34.4,-119.73,NaN,"MOHK"
"2024-02-08T09:00:00Z",34.4,-119.72,NaN,"MOHK"
"2024-02-09T09:00:00Z",34.38,-119.74,14.614,"MOHK"
"2024-02-09T09:00:00Z",34.38,-119.73,14.626,"MOHK"
"2024-02-09T09:00:00Z",34.38,-119.72,14.633,"MOHK"
"2024-02-09T09:00:00Z",34.39,-119.74,14.579,"MOHK"
"2024-02-09T09:00:00Z",34.39,-119.73,14.588,"MOHK"
"2024-02-09T09:00:00Z",34.39,-119.72,14.592,"MOHK"
"2024-02-09T09:00:00Z",34.4,-119.74,NaN,"MOHK"
"2024-02-09T09:00:00Z",34.4,-119.73,NaN,"MOHK"
"2024-02-09T09:00:00Z",34.4,-119.72,NaN,"MOHK"
"2024-02-10T09:00:00Z",34.38,-119.74,14.511,"MOHK"
"2024-02-10T09:00:00Z",34.38,-119.73,14.53,"MOHK"
"2024-02-10T09:00:00Z",34.38,-119.72,14.542,"MOHK"
"2024-02-10T09:00:00Z",34.39,-119.74,14.463,"MOHK"
"2024-02-10T09:00:00Z",34.39,-119.73,14.477,"MOHK"
"2024-02-10T09:00:00Z",34.39,-119.72,14.483,"MOHK"
"2024-02-10T09:00:00Z",34.4,-119.74,NaN,"MOHK"
"2024-02-10T09:00:00Z",34.4,-119.73,NaN,"MOHK"
"2024-02-10T09:00:00Z",34.4,-119.72,NaN,"MOHK"
"2024-02-11T09:00:00Z",34.38,-119.74,14.216,"MOHK"
"2024-02-11T09:00:00Z",34.38,-119.73,14.244,"MOHK"
"2024-02-11T09:00:00Z",34.38,-119.72,14.268,"MOHK"
"2024-02-11T09:00:00Z",34.39,-119.74,14.198,"MOHK"
"2024-02-11T09:00:00Z",34.39,-119.73,14.218,"MOHK"
"2024-02-11T09:00:00Z",34.39,-119.72,14.234,"MOHK"
"2024-02-11T09:00:00Z",34.4,-119.74,NaN,"MOHK"
"2024-02-11T09:00:00Z",34.4,-119.73,NaN,"MOHK"
"2024-02-11T09:00:00Z",34.4,-119.72,NaN,"MOHK"
"2024-02-12T09:00:00Z",34.38,-119.74,14.023,"MOHK"
"2024-02-12T09:00:00Z",34.38,-119.73,14.055,"MOHK"
"2024-02-12T09:00:00Z",34.38,-119.72,14.085,"MOHK"
"2024-02-12T09:00:00Z",34.39,-119.74,14.026,"MOHK"
"2024-02-12T09:00:00Z",34.39,-119.73,14.049,"MOHK"
"2024-02-12T09:00:00Z",34.39,-119.72,14.069,"MOHK"
"2024-02-12T09:00:00Z",34.4,-119.74,NaN,"MOHK"
"2024-02-12T09:00:00Z",34.4,-119.73,NaN,"MOHK"
"2024-02-12T09:00:00Z",34.4,-119.72,NaN,"MOHK"
"2024-02-13T09:00:00Z",34.38,-119.74,14.267,"MOHK"
"2024-02-13T09:00:00Z",34.38,-119.73,14.288,"MOHK"
"2024-02-13T09:00:00Z",34.38,-119.72,14.312,"MOHK"
"2024-02-13T09:00:00Z",34.39,-119.74,14.259,"MOHK"
"2024-02-13T09:00:00Z",34.39,-119.73,14.277,"MOHK"
"2024-02-13T09:00:00Z",34.39,-119.72,14.298,"MOHK"
"2024-02-13T09:00:00Z",34.4,-119.74,NaN,"MOHK"
"2024-02-13T09:00:00Z",34.4,-119.73,NaN,"MOHK"
"2024-02-13T09:00:00Z",34.4,-119.72,NaN,"MOHK"
"2024-02-14T09:00:00Z",34.38,-119.74,14.274,"MOHK"
"2024-02-14T09:00:00Z",34.38,-119.73,14.305,"MOHK"
"2024-02-14T09:00:00Z",34.38,-119.72,14.337,"MOHK"
"2024-02-14T09:00:00Z",34.39,-119.74,14.263,"MOHK"
"2024-02-14T09:00:00Z",34.39,-119.73,14.292,"MOHK"
"2024-02-14T09:00:00Z",34.39,-119.72,14.322,"MOHK"
"2024-02-14T09:00:00Z",34.4,-119.74,NaN,"MOHK"
"2024-02-14T09:00:00Z",34.4,-119.73,NaN,"MOHK"
"2024-02-14T09:00:00Z",34.4,-119.72,NaN,"MOHK"
"2024-02-15T09:00:00Z",34.38,-119.74,14.155,"MOHK"
"2024-02-15T09:00:00Z",34.38,-119.73,14.193,"MOHK"
"2024-02-15T09:00:00Z",34.38,-119.72,14.226,"MOHK"
"2024-02-15T09:00:00Z",34.39,-119.74,14.135,"MOHK"
"2024-02-15T09:00:00Z",34.39,-119.73,14.174,"MOHK"
"2024-02-15T09:00:00Z",34.39,-119.72,14.209,"MOHK"
"2024-02-15T09:00:00Z",34.4,-119.74,NaN,"MOHK"
"2024-02-15T09:00:00Z",34.4,-119.73,NaN,"MOHK"
"2024-02-15T09:00:00Z",34.4,-119.72,NaN,"MOHK"
"2024-02-16T09:00:00Z",34.38,-119.74,14.14,"MOHK"
"2024-02-16T09:00:00Z",34.38,-119.73,14.163,"MOHK"
"2024-02-16T09:00:00Z",34.38,-119.72,14.185,"MOHK"
"2024-02-16T09:00:00Z",34.39,-119.74,14.136,"MOHK"
"2024-02-16T09:00:00Z",34.39,-119.73,14.157,"MOHK"
"2024-02-16T09:00:00Z",34.39,-119.72,14.178,"MOHK"
"2024-02-16T09:00:00Z",34.4,-119.74,NaN,"MOHK"
"2024-02-16T09:00:00Z",34.4,-119.73,NaN,"MOHK"
"2024-02-16T09:00:00Z",34.4,-119.72,NaN,"MOHK"
"2024-02-17T09:00:00Z",34.38,-119.74,14.24,"MOHK"
"2024-02-17T09:00:00Z",34.38,-119.73,14.25,"MOHK"
"2024-02-17T09:00:00Z",34.38,-119.72,14.261,"MOHK"
"2024-02-17T09:00:00Z",34.39,-119.74,14.237,"MOHK"
"2024-02-17T09:00:00Z",34.39,-119.73,14.247,"MOHK"
"2024-02-17T09:00:00Z",34.39,-119.72,14.257,"MOHK"
"2024-02-17T09:00:00Z",34.4,-119.74,NaN,"MOHK"
"2024-02-17T09:00:00Z",34.4,-119.73,NaN,"MOHK"
"2024-02-17T09:00:00Z",34.4,-119.72,NaN,"MOHK"
"2024-02-18T09:00:00Z",34.38,-119.74,14.299,"MOHK"
"2024-02-18T09:00:00Z",34.38,-119.73,14.309,"MOHK"
"2024-02-18T09:00:00Z",34.38,-119.72,14.318,"MOHK"
"2024-02-18T09:00:00Z",34.39,-119.74,14.297,"MOHK"
"2024-02-18T09:00:00Z",34.39,-119.73,14.306,"MOHK"
"2024-02-18T09:00:00Z",34.39,-119.72,14.314,"MOHK"
"2024-02-18T09:00:00Z",34.4,-119.74,NaN,"MOHK"
"2024-02-18T09:00:00Z",34.4,-119.73,NaN,"MOHK"
"2024-02-18T09:00:00Z",34.4,-119.72,NaN,"MOHK"
"2024-02-19T09:00:00Z",34.38,-119.74,14.365,"MOHK"
"2024-02-19T09:00:00Z",34.38,-119.73,14.37,"MOHK"
"2024-02-19T09:00:00Z",34.38,-119.72,14.375,"MOHK"
"2024-02-19T09:00:00Z",34.39,-119.74,14.363,"MOHK"
"2024-02-19T09:00:00Z",34.39,-119.73,14.368,"MOHK"
"2024-02-19T09:00:00Z",34.39,-119.72,14.373,"MOHK"
"2024-02-19T09:00:00Z",34.4,-119.74,NaN,"MOHK"
"2024-02-19T09:00:00Z",34.4,-119.73,NaN,"MOHK"
"2024-02-19T09:00:00Z",34.4,-119.72,NaN,"MOHK"
"2024-02-20T09:00:00Z",34.38,-119.74,15.021,"MOHK"
"2024-02-20T09:00:00Z",34.38,-119.73,15.026,"MOHK"
"2024-02-20T09:00:00Z",34.38,-119.72,15.031,"MOHK"
"2024-02-20T09:00:00Z",34.39,-119.74,15.026,"MOHK"
"2024-02-20T09:00:00Z",34.39,-119.73,15.031,"MOHK"
"2024-02-20T09:00:00Z",34.39,-119.72,15.036,"MOHK"
"2024-02-20T09:00:00Z",34.4,-119.74,NaN,"MOHK"
"2024-02-20T09:00:00Z",34.4,-119.73,NaN,"MOHK"
"2024-02-20T09:00:00Z",34.4,-119.72,NaN,"MOHK"
"2024-02-21T09:00:00Z",34.38,-119.74,15.462,"MOHK"
"2024-02-21T09:00:00Z",34.38,-119.73,15.456,"MOHK"
"2024-02-21T09:00:00Z",34.38,-119.72,15.446,"MOHK"
"2024-02-21T09:00:00Z",34.39,-119.74,15.464,"MOHK"
"2024-02-21T09:00:00Z",34.39,-119.73,15.459,"MOHK"
"2024-02-21T09:00:00Z",34.39,-119.72,15.45,"MOHK"
"2024-02-21T09:00:00Z",34.4,-119.74,NaN,"MOHK"
"2024-02-21T09:00:00Z",34.4,-119.73,NaN,"MOHK"
"2024-02-21T09:00:00Z",34.4,-119.72,NaN,"MOHK"
"2024-02-22T09:00:00Z",34.38,-119.74,15.506,"MOHK"
"2024-02-22T09:00:00Z",34.38,-119.73,15.506,"MOHK"
"2024-02-22T09:00:00Z",34.38,-119.72,15.496,"MOHK"
"2024-02-22T09:00:00Z",34.39,-119.74,15.483,"MOHK"
"2024-02-22T09:00:00Z",34.39,-119.73,15.488,"MOHK"
"2024-02-22T09:00:00Z",34.39,-119.72,15.482,"MOHK"
"2024-02-22T09:00:00Z",34.4,-119.74,NaN,"MOHK"
"2024-02-22T09:00:00Z",34.4,-119.73,NaN,"MOHK"
"2024-02-22T09:00:00Z",34.4,-119.72,NaN,"MOHK"
"2024-02-23T09:00:00Z",34.38,-119.74,15.547,"MOHK"
"2024-02-23T09:00:00Z",34.38,-119.73,15.54,"MOHK"
"2024-02-23T09:00:00Z",34.38,-119.72,15.527,"MOHK"
"2024-02-23T09:00:00Z",34.39,-119.74,15.545,"MOHK"
"2024-02-23T09:00:00Z",34.39,-119.73,15.54,"MOHK"
"2024-02-23T09:00:00Z",34.39,-119.72,15.529,"MOHK"
"2024-02-23T09:00:00Z",34.4,-119.74,NaN,"MOHK"
"2024-02-23T09:00:00Z",34.4,-119.73,NaN,"MOHK"
"2024-02-23T09:00:00Z",34.4,-119.72,NaN,"MOHK"
"2024-02-24T09:00:00Z",34.38,-119.74,15.158,"MOHK"
"2024-02-24T09:00:00Z",34.38,-119.73,15.164,"MOHK"
"2024-02-24T09:00:00Z",34.38,-119.72,15.169,"MOHK"
"2024-02-24T09:00:00Z",34.39,-119.74,15.161,"MOHK"
"2024-02-24T09:00:00Z",34.39,-119.73,15.167,"MOHK"
"2024-02-24T09:00:00Z",34.39,-119.72,15.172,"MOHK"
"2024-02-24T09:00:00Z",34.4,-119.74,NaN,"MOHK"
"2024-02-24T09:00:00Z",34.4,-119.73,NaN,"MOHK"
"2024-02-24T09:00:00Z",34.4,-119.72,NaN,"MOHK"
"2024-02-25T09:00:00Z",34.38,-119.74,14.904,"MOHK"
"2024-02-25T09:00:00Z",34.38,-119.73,14.926,"MOHK"
"2024-02-25T09:00:00Z",34.38,-119.72,14.949,"MOHK"
"2024-02-25T09:00:00Z",34.39,-119.74,14.905,"MOHK"
"2024-02-25T09:00:00Z",34.39,-119.73,14.924,"MOHK"
"2024-02-25T09:00:00Z",34.39,-119.72,14.944,"MOHK"
"2024-02-25T09:00:00Z",34.4,-119.74,NaN,"MOHK"
"2024-02-25T09:00:00Z",34.4,-119.73,NaN,"MOHK"
"2024-02-25T09:00:00Z",34.4,-119.72,NaN,"MOHK"
"2024-02-26T09:00:00Z",34.38,-119.74,14.818,"MOHK"
"2024-02-26T09:00:00Z",34.38,-119.73,14.87,"MOHK"
"2024-02-26T09:00:00Z",34.38,-119.72,14.926,"MOHK"
"2024-02-26T09:00:00Z",34.39,-119.74,14.829,"MOHK"
"2024-02-26T09:00:00Z",34.39,-119.73,14.87,"MOHK"
"2024-02-26T09:00:00Z",34.39,-119.72,14.914,"MOHK"
"2024-02-26T09:00:00Z",34.4,-119.74,NaN,"MOHK"
"2024-02-26T09:00:00Z",34.4,-119.73,NaN,"MOHK"
"2024-02-26T09:00:00Z",34.4,-119.72,NaN,"MOHK"
"2024-02-27T09:00:00Z",34.38,-119.74,14.715,"MOHK"
"2024-02-27T09:00:00Z",34.38,-119.73,14.721,"MOHK"
"2024-02-27T09:00:00Z",34.38,-119.72,14.724,"MOHK"
"2024-02-27T09:00:00Z",34.39,-119.74,14.736,"MOHK"
"2024-02-27T09:00:00Z",34.39,-119.73,14.743,"MOHK"
"2024-02-27T09:00:00Z",34.39,-119.72,14.747,"MOHK"
"2024-02-27T09:00:00Z",34.4,-119.74,NaN,"MOHK"
"2024-02-27T09:00:00Z",34.4,-119.73,NaN,"MOHK"
"2024-02-27T09:00:00Z",34.4,-119.72,NaN,"MOHK"
"2024-02-28T09:00:00Z",34.38,-119.74,15.307,"MOHK"
"2024-02-28T09:00:00Z",34.38,-119.73,15.311,"MOHK"
"2024-02-28T09:00:00Z",34.38,-119.72,15.311,"MOHK"
"2024-02-28T09:00:00Z",34.39,-119.74,15.302,"MOHK"
"2024-02-28T09:00:00Z",34.39,-119.73,15.304,"MOHK"
"2024-02-28T09:00:00Z",34.39,-119.72,15.303,"MOHK"
"2024-02-28T09:00:00Z",34.4,-119.74,NaN,"MOHK"
"2024-02-28T09:00:00Z",34.4,-119.73,NaN,"MOHK"
"2024-02-28T09:00:00Z",34.4,-119.72,NaN,"MOHK"
"2024-02-29T09:00:00Z",34.38,-119.74,15.257,"MOHK"
"2024-02-29T09:00:00Z",34.38,-119.73,15.252,"MOHK"
"2024-02-29T09:00:00Z",34.38,-119.72,15.238,"MOHK"
"2024-02-29T09:00:00Z",34.39,-119.74,15.253,"MOHK"
"2024-02-29T09:00:00Z",34.39,-119.73,15.241,"MOHK"
"2024-02-29T09:00:00Z",34.39,-119.72,15.226,"MOHK"
"2024-02-29T09:00:00Z",34.4,-119.74,NaN,"MOHK"
"2024-02-29T09:00:00Z",34.4,-119.73,NaN,"MOHK"
"2024-02-29T09:00:00Z",34.4,-119.72,NaN,"MOHK"
"2024-03-01T09:00:00Z",34.38,-119.74,15.233,"MOHK"
"2024-03-01T09:00:00Z",34.38,-119.73,15.237,"MOHK"
"2024-03-01T09:00:00Z",34.38,-119.72,15.239,"MOHK"
"2024-03-01T09:00:00Z",34.39,-119.74,15.232,"MOHK"
"2024-03-01T09:00:00Z",34.39,-119.73,15.235,"MOHK"
"2024-03-01T09:00:00Z",34.39,-119.72,15.237,"MOHK"
"2024-03-01T09:00:00Z",34.4,-119.74,NaN,"MOHK"
"2024-03-01T09:00:00Z",34.4,-119.73,NaN,"MOHK"
"2024-03-01T09:00:00Z",34.4,-119.72,NaN,"MOHK"
"2024-03-01T09:00:00Z",34.38,-119.73,15.237,"MOHK"
"2024-03-01T09:00:00Z",34.38,-119.72,15.239,"MOHK"
"2024-03-01T09:00:00Z",34.39,-119.74,15.232,"MOHK"
"2024-03-01T09:00:00Z",34.39,-119.73,15.235,"MOHK"
"2024-03-01T09:00:00Z",34.39,-119.72,15.237,"MOHK"
"2024-03-01T09:00:00Z",34.4,-119.74,NaN,"MOHK"
"2024-03-01T09:00:00Z",34.4,-119.73,NaN,"MOHK"
"2024-03-01T09:00:00Z",34.4,-119.72,NaN,"MOHK"
"2024-03-02T09:00:00Z",34.38,-119.74,14.859,"MOHK"
"2024-03-02T09:00:00Z",34.38,-119.73,14.852,"MOHK"
"2024-03-02T09:00:00Z",34.38,-119.72,14.844,"MOHK"
"2024-03-02T09:00:00Z",34.39,-119.74,14.876,"MOHK"
"2024-03-02T09:00:00Z",34.39,-119.73,14.869,"MOHK"
"2024-03-02T09:00:00Z",34.39,-119.72,14.862,"MOHK"
"2024-03-02T09:00:00Z",34.4,-119.74,NaN,"MOHK"
"2024-03-02T09:00:00Z",34.4,-119.73,NaN,"MOHK"
"2024-03-02T09:00:00Z",34.4,-119.72,NaN,"MOHK"
"2024-03-03T09:00:00Z",34.38,-119.74,14.346,"MOHK"
"2024-03-03T09:00:00Z",34.38,-119.73,14.357,"MOHK"
"2024-03-03T09:00:00Z",34.38,-119.72,14.368,"MOHK"
"2024-03-03T09:00:00Z",34.39,-119.74,14.33,"MOHK"
"2024-03-03T09:00:00Z",34.39,-119.73,14.341,"MOHK"
"2024-03-03T09:00:00Z",34.39,-119.72,14.352,"MOHK"
"2024-03-03T09:00:00Z",34.4,-119.74,NaN,"MOHK"
"2024-03-03T09:00:00Z",34.4,-119.73,NaN,"MOHK"
"2024-03-03T09:00:00Z",34.4,-119.72,NaN,"MOHK"
"2024-03-04T09:00:00Z",34.38,-119.74,14.012,"MOHK"
"2024-03-04T09:00:00Z",34.38,-119.73,14.051,"MOHK"
"2024-03-04T09:00:00Z",34.38,-119.72,14.096,"MOHK"
"2024-03-04T09:00:00Z",34.39,-119.74,13.997,"MOHK"
"2024-03-04T09:00:00Z",34.39,-119.73,14.034,"MOHK"
"2024-03-04T09:00:00Z",34.39,-119.72,14.075,"MOHK"
"2024-03-04T09:00:00Z",34.4,-119.74,NaN,"MOHK"
"2024-03-04T09:00:00Z",34.4,-119.73,NaN,"MOHK"
"2024-03-04T09:00:00Z",34.4,-119.72,NaN,"MOHK"
"2024-03-05T09:00:00Z",34.38,-119.74,13.899,"MOHK"
"2024-03-05T09:00:00Z",34.38,-119.73,13.946,"MOHK"
"2024-03-05T09:00:00Z",34.38,-119.72,13.998,"MOHK"
"2024-03-05T09:00:00Z",34.39,-119.74,13.887,"MOHK"
"2024-03-05T09:00:00Z",34.39,-119.73,13.927,"MOHK"
"2024-03-05T09:00:00Z",34.39,-119.72,13.974,"MOHK"
"2024-03-05T09:00:00Z",34.4,-119.74,NaN,"MOHK"
"2024-03-05T09:00:00Z",34.4,-119.73,NaN,"MOHK"
"2024-03-05T09:00:00Z",34.4,-119.72,NaN,"MOHK"
"2024-03-06T09:00:00Z",34.38,-119.74,13.916,"MOHK"
"2024-03-06T09:00:00Z",34.38,-119.73,13.932,"MOHK"
"2024-03-06T09:00:00Z",34.38,-119.72,13.955,"MOHK"
"2024-03-06T09:00:00Z",34.39,-119.74,13.903,"MOHK"
"2024-03-06T09:00:00Z",34.39,-119.73,13.92,"MOHK"
"2024-03-06T09:00:00Z",34.39,-119.72,13.943,"MOHK"
"2024-03-06T09:00:00Z",34.4,-119.74,NaN,"MOHK"
"2024-03-06T09:00:00Z",34.4,-119.73,NaN,"MOHK"
"2024-03-06T09:00:00Z",34.4,-119.72,NaN,"MOHK"
"2024-03-07T09:00:00Z",34.38,-119.74,13.89,"MOHK"
"2024-03-07T09:00:00Z",34.38,-119.73,13.88,"MOHK"
"2024-03-07T09:00:00Z",34.38,-119.72,13.881,"MOHK"
"2024-03-07T09:00:00Z",34.39,-119.74,13.862,"MOHK"
"2024-03-07T09:00:00Z",34.39,-119.73,13.857,"MOHK"
"2024-03-07T09:00:00Z",34.39,-119.72,13.859,"MOHK"
"2024-03-07T09:00:00Z",34.4,-119.74,NaN,"MOHK"
"2024-03-07T09:00:00Z",34.4,-119.73,NaN,"MOHK"
"2024-03-07T09:00:00Z",34.4,-119.72,NaN,"MOHK"
"2024-03-08T09:00:00Z",34.38,-119.74,13.851,"MOHK"
"2024-03-08T09:00:00Z",34.38,-119.73,13.853,"MOHK"
"2024-03-08T09:00:00Z",34.38,-119.72,13.858,"MOHK"
"2024-03-08T09:00:00Z",34.39,-119.74,13.817,"MOHK"
"2024-03-08T09:00:00Z",34.39,-119.73,13.82,"MOHK"
"2024-03-08T09:00:00Z",34.39,-119.72,13.828,"MOHK"
"2024-03-08T09:00:00Z",34.4,-119.74,NaN,"MOHK"
"2024-03-08T09:00:00Z",34.4,-119.73,NaN,"MOHK"
"2024-03-08T09:00:00Z",34.4,-119.72,NaN,"MOHK"
"2024-03-09T09:00:00Z",34.38,-119.74,13.994,"MOHK"
"2024-03-09T09:00:00Z",34.38,-119.73,13.971,"MOHK"
"2024-03-09T09:00:00Z",34.38,-119.72,13.951,"MOHK"
"2024-03-09T09:00:00Z",34.39,-119.74,13.974,"MOHK"
"2024-03-09T09:00:00Z",34.39,-119.73,13.954,"MOHK"
"2024-03-09T09:00:00Z",34.39,-119.72,13.937,"MOHK"
"2024-03-09T09:00:00Z",34.4,-119.74,NaN,"MOHK"
"2024-03-09T09:00:00Z",34.4,-119.73,NaN,"MOHK"
"2024-03-09T09:00:00Z",34.4,-119.72,NaN,"MOHK"
"2024-03-10T09:00:00Z",34.38,-119.74,14.378,"MOHK"
"2024-03-10T09:00:00Z",34.38,-119.73,14.378,"MOHK"
"2024-03-10T09:00:00Z",34.38,-119.72,14.375,"MOHK"
"2024-03-10T09:00:00Z",34.39,-119.74,14.353,"MOHK"
"2024-03-10T09:00:00Z",34.39,-119.73,14.349,"MOHK"
"2024-03-10T09:00:00Z",34.39,-119.72,14.341,"MOHK"
"2024-03-10T09:00:00Z",34.4,-119.74,NaN,"MOHK"
"2024-03-10T09:00:00Z",34.4,-119.73,NaN,"MOHK"
"2024-03-10T09:00:00Z",34.4,-119.72,NaN,"MOHK"
"2024-03-11T09:00:00Z",34.38,-119.74,14.452,"MOHK"
"2024-03-11T09:00:00Z",34.38,-119.73,14.452,"MOHK"
"2024-03-11T09:00:00Z",34.38,-119.72,14.45,"MOHK"
"2024-03-11T09:00:00Z",34.39,-119.74,14.437,"MOHK"
"2024-03-11T09:00:00Z",34.39,-119.73,14.434,"MOHK"
"2024-03-11T09:00:00Z",34.39,-119.72,14.428,"MOHK"
"2024-03-11T09:00:00Z",34.4,-119.74,NaN,"MOHK"
"2024-03-11T09:00:00Z",34.4,-119.73,NaN,"MOHK"
"2024-03-11T09:00:00Z",34.4,-119.72,NaN,"MOHK"
"2024-03-12T09:00:00Z",34.38,-119.74,13.999,"MOHK"
"2024-03-12T09:00:00Z",34.38,-119.73,14.011,"MOHK"
"2024-03-12T09:00:00Z",34.38,-119.72,14.025,"MOHK"
"2024-03-12T09:00:00Z",34.39,-119.74,14.014,"MOHK"
"2024-03-12T09:00:00Z",34.39,-119.73,14.024,"MOHK"
"2024-03-12T09:00:00Z",34.39,-119.72,14.036,"MOHK"
"2024-03-12T09:00:00Z",34.4,-119.74,NaN,"MOHK"
"2024-03-12T09:00:00Z",34.4,-119.73,NaN,"MOHK"
"2024-03-12T09:00:00Z",34.4,-119.72,NaN,"MOHK"
"2024-03-13T09:00:00Z",34.38,-119.74,14.092,"MOHK"
"2024-03-13T09:00:00Z",34.38,-119.73,14.084,"MOHK"
"2024-03-13T09:00:00Z",34.38,-119.72,14.069,"MOHK"
"2024-03-13T09:00:00Z",34.39,-119.74,14.085,"MOHK"
"2024-03-13T09:00:00Z",34.39,-119.73,14.076,"MOHK"
"2024-03-13T09:00:00Z",34.39,-119.72,14.063,"MOHK"
"2024-03-13T09:00:00Z",34.4,-119.74,NaN,"MOHK"
"2024-03-13T09:00:00Z",34.4,-119.73,NaN,"MOHK"
"2024-03-13T09:00:00Z",34.4,-119.72,NaN,"MOHK"
"2024-03-14T09:00:00Z",34.38,-119.74,14.151,"MOHK"
"2024-03-14T09:00:00Z",34.38,-119.73,14.133,"MOHK"
"2024-03-14T09:00:00Z",34.38,-119.72,14.104,"MOHK"
"2024-03-14T09:00:00Z",34.39,-119.74,14.125,"MOHK"
"2024-03-14T09:00:00Z",34.39,-119.73,14.101,"MOHK"
"2024-03-14T09:00:00Z",34.39,-119.72,14.067,"MOHK"
"2024-03-14T09:00:00Z",34.4,-119.74,NaN,"MOHK"
"2024-03-14T09:00:00Z",34.4,-119.73,NaN,"MOHK"
"2024-03-14T09:00:00Z",34.4,-119.72,NaN,"MOHK"
"2024-03-15T09:00:00Z",34.38,-119.74,13.78,"MOHK"
"2024-03-15T09:00:00Z",34.38,-119.73,13.752,"MOHK"
"2024-03-15T09:00:00Z",34.38,-119.72,13.711,"MOHK"
"2024-03-15T09:00:00Z",34.39,-119.74,13.726,"MOHK"
"2024-03-15T09:00:00Z",34.39,-119.73,13.699,"MOHK"
"2024-03-15T09:00:00Z",34.39,-119.72,13.659,"MOHK"
"2024-03-15T09:00:00Z",34.4,-119.74,NaN,"MOHK"
"2024-03-15T09:00:00Z",34.4,-119.73,NaN,"MOHK"
"2024-03-15T09:00:00Z",34.4,-119.72,NaN,"MOHK"
"2024-03-16T09:00:00Z",34.38,-119.74,13.699,"MOHK"
"2024-03-16T09:00:00Z",34.38,-119.73,13.674,"MOHK"
"2024-03-16T09:00:00Z",34.38,-119.72,13.644,"MOHK"
"2024-03-16T09:00:00Z",34.39,-119.74,13.666,"MOHK"
"2024-03-16T09:00:00Z",34.39,-119.73,13.642,"MOHK"
"2024-03-16T09:00:00Z",34.39,-119.72,13.613,"MOHK"
"2024-03-16T09:00:00Z",34.4,-119.74,NaN,"MOHK"
"2024-03-16T09:00:00Z",34.4,-119.73,NaN,"MOHK"
"2024-03-16T09:00:00Z",34.4,-119.72,NaN,"MOHK"
